AccountID,CustomerID,BranchID,AccountType,Balance,DateOpened
1,248,7,Fixed Deposit,103379.15,2015-05-26
2,284,16,Recurring Deposit,300603.23,2025-01-23
3,417,8,Checking,343834.27,2018-02-28
4,122,9,Fixed Deposit,160106.72,2023-09-14
5,265,17,Checking,153728.09,2024-07-22
6,164,14,Fixed Deposit,172122.47,2022-07-11
7,298,19,Savings,477440.49,2020-02-28
8,274,4,Checking,172939.65,2015-07-19
9,477,15,Savings,434938.43,2016-04-27
10,243,2,Savings,293543.07,2015-10-22
11,258,19,Savings,389789.65,2018-06-01
12,284,5,Savings,281566.19,2017-02-15
13,124,11,Fixed Deposit,326182.32,2019-07-10
14,313,11,Fixed Deposit,331763.87,2020-02-05
15,103,18,Savings,309582.44,2020-02-16
16,58,7,Savings,137170.03,2024-09-07
17,110,8,Recurring Deposit,393852.16,2019-07-22
18,391,3,Checking,172434.48,2024-12-19
19,334,2,Checking,303081.32,2019-08-26
20,57,14,Fixed Deposit,184247.14,2016-03-20
21,157,20,Fixed Deposit,196513.54,2023-01-19
22,390,20,Fixed Deposit,26826.88,2015-04-27
23,103,19,Savings,490949.14,2018-01-16
24,403,18,Checking,275427.72,2015-10-18
25,481,19,Recurring Deposit,415165.99,2015-11-11
26,388,19,Savings,405960.0,2016-06-07
27,267,12,Savings,475271.17,2021-11-11
28,389,2,Fixed Deposit,28436.91,2016-09-04
29,106,20,Recurring Deposit,26341.59,2017-10-16
30,162,19,Recurring Deposit,86418.68,2024-10-11
31,234,5,Recurring Deposit,2484.26,2023-02-14
32,98,8,Recurring Deposit,140246.61,2023-07-01
33,115,3,Recurring Deposit,40863.84,2019-10-26
34,290,1,Checking,473301.11,2021-01-24
35,199,15,Checking,90855.92,2015-06-08
36,272,7,Checking,56069.65,2021-02-07
37,353,17,Fixed Deposit,91983.73,2020-12-26
38,177,6,Savings,239602.15,2022-12-31
39,367,7,Checking,46660.45,2024-10-28
40,395,14,Fixed Deposit,71637.81,2016-06-24
41,465,3,Recurring Deposit,28068.67,2019-06-14
42,420,1,Savings,80824.09,2019-01-03
43,80,1,Checking,29469.76,2022-10-11
44,253,16,Savings,242912.96,2017-02-25
45,216,6,Checking,139338.34,2019-11-04
46,71,19,Checking,62542.68,2015-04-09
47,366,5,Fixed Deposit,292039.56,2015-04-23
48,482,10,Fixed Deposit,229765.21,2018-11-22
49,32,10,Recurring Deposit,137109.61,2015-11-20
50,393,5,Savings,361298.63,2023-10-31
51,61,7,Checking,469635.06,2023-08-06
52,229,2,Recurring Deposit,19742.97,2025-01-30
53,144,19,Checking,189120.12,2018-02-27
54,242,17,Recurring Deposit,98091.72,2015-09-16
55,463,17,Fixed Deposit,494297.37,2023-05-29
56,408,19,Savings,355372.84,2016-08-11
57,402,15,Checking,1574.48,2018-08-13
58,219,8,Fixed Deposit,225064.31,2018-01-03
59,155,6,Savings,169788.49,2023-08-30
60,293,4,Fixed Deposit,106954.0,2016-09-16
61,20,10,Recurring Deposit,192186.59,2017-02-15
62,378,14,Savings,240188.83,2020-04-08
63,122,9,Savings,164603.77,2020-11-22
64,436,13,Fixed Deposit,364227.28,2020-01-18
65,59,16,Savings,116904.6,2022-04-23
66,174,4,Recurring Deposit,370232.16,2023-06-11
67,319,19,Checking,31218.57,2017-11-27
68,412,13,Checking,310637.51,2021-08-28
69,467,5,Checking,204947.08,2018-12-27
70,58,6,Checking,208749.18,2015-05-03
71,66,15,Savings,371360.34,2024-06-07
72,82,6,Fixed Deposit,242238.28,2023-10-01
73,146,12,Recurring Deposit,47566.35,2017-11-01
74,233,3,Checking,8818.1,2024-01-03
75,426,19,Checking,186302.5,2019-12-13
76,351,18,Checking,7901.79,2025-02-21
77,411,19,Recurring Deposit,344690.12,2022-07-17
78,411,16,Savings,320953.96,2025-02-23
79,348,8,Recurring Deposit,192751.08,2016-12-02
80,143,9,Fixed Deposit,199447.85,2019-03-15
81,105,16,Checking,280115.49,2018-05-14
82,419,6,Savings,319837.13,2023-07-10
83,497,3,Savings,189233.22,2016-12-19
84,426,9,Savings,143075.01,2018-08-18
85,384,8,Checking,354362.45,2017-08-27
86,409,9,Recurring Deposit,302635.51,2022-03-07
87,289,20,Fixed Deposit,177998.87,2022-05-28
88,229,14,Savings,267999.05,2020-11-15
89,41,6,Fixed Deposit,151564.7,2018-02-27
90,320,17,Checking,252989.12,2016-05-06
91,111,8,Checking,425230.04,2024-11-07
92,352,7,Fixed Deposit,412028.48,2021-09-19
93,394,13,Recurring Deposit,421549.36,2018-06-30
94,29,4,Savings,426698.8,2020-12-01
95,319,4,Fixed Deposit,258545.08,2022-06-13
96,203,14,Recurring Deposit,310756.18,2023-02-18
97,481,11,Checking,337088.37,2021-10-19
98,80,1,Fixed Deposit,324248.56,2015-05-01
99,187,1,Recurring Deposit,46435.56,2023-05-02
100,51,2,Recurring Deposit,258774.94,2024-01-11
101,70,10,Fixed Deposit,349520.65,2021-06-11
102,298,3,Savings,395991.26,2018-02-20
103,54,13,Recurring Deposit,231376.03,2020-08-18
104,261,17,Fixed Deposit,431610.37,2020-03-20
105,57,3,Checking,122762.32,2022-08-10
106,44,15,Savings,15369.28,2019-04-11
107,459,1,Recurring Deposit,435798.4,2023-02-02
108,246,20,Checking,367208.61,2020-02-09
109,158,18,Savings,266341.02,2016-10-25
110,39,2,Checking,255968.66,2022-10-23
111,485,2,Fixed Deposit,333483.68,2022-08-05
112,66,2,Checking,138176.01,2016-08-02
113,102,9,Checking,310932.42,2023-12-12
114,79,10,Fixed Deposit,51299.43,2017-05-25
115,421,9,Recurring Deposit,396639.36,2024-05-30
116,105,10,Fixed Deposit,233014.02,2021-10-09
117,284,13,Recurring Deposit,122670.65,2020-10-06
118,138,9,Recurring Deposit,201113.54,2020-10-04
119,58,2,Fixed Deposit,24454.57,2019-02-13
120,140,6,Checking,120835.23,2022-06-24
121,421,4,Fixed Deposit,125349.91,2023-02-28
122,485,15,Fixed Deposit,361825.14,2019-07-06
123,60,11,Recurring Deposit,76289.67,2021-07-11
124,320,7,Fixed Deposit,191068.15,2022-07-30
125,68,19,Checking,15942.54,2023-11-26
126,298,20,Fixed Deposit,113829.61,2018-01-08
127,357,15,Checking,465021.75,2015-08-22
128,269,9,Checking,455642.13,2025-02-12
129,243,12,Fixed Deposit,284469.83,2024-11-25
130,474,3,Fixed Deposit,253133.11,2017-09-20
131,248,3,Fixed Deposit,11269.78,2018-02-01
132,41,10,Checking,443842.64,2024-10-31
133,343,15,Fixed Deposit,398614.17,2022-10-31
134,137,5,Fixed Deposit,299147.47,2021-03-07
135,148,15,Checking,419675.4,2016-01-28
136,481,17,Recurring Deposit,131423.26,2016-08-15
137,246,9,Recurring Deposit,156196.47,2019-08-28
138,181,20,Savings,264055.27,2020-05-28
139,173,19,Recurring Deposit,291217.39,2016-12-13
140,285,11,Checking,405614.81,2021-08-01
141,201,17,Recurring Deposit,65271.42,2020-08-15
142,65,8,Recurring Deposit,483412.85,2021-11-14
143,54,14,Savings,436734.16,2020-11-29
144,320,9,Savings,342114.36,2023-06-18
145,157,19,Fixed Deposit,111013.18,2015-08-18
146,86,5,Savings,211112.51,2021-09-27
147,401,19,Savings,317895.73,2020-03-30
148,335,11,Checking,482421.85,2016-12-15
149,79,12,Savings,252540.16,2020-02-01
150,446,6,Checking,88532.67,2025-02-18
151,448,8,Checking,130407.65,2019-03-01
152,442,4,Checking,114553.08,2015-04-15
153,171,18,Savings,425798.39,2018-05-29
154,338,5,Recurring Deposit,439760.3,2023-11-28
155,347,9,Checking,372566.76,2023-06-28
156,370,2,Savings,358910.99,2015-11-27
157,174,14,Checking,302711.25,2021-11-11
158,302,15,Fixed Deposit,46977.29,2022-01-23
159,243,9,Savings,11646.61,2016-04-21
160,408,9,Checking,343467.74,2017-03-28
161,373,10,Recurring Deposit,217128.14,2019-07-27
162,112,12,Savings,384229.84,2016-04-20
163,275,9,Recurring Deposit,477233.25,2015-09-02
164,16,11,Fixed Deposit,29607.13,2023-08-12
165,216,10,Fixed Deposit,85130.24,2023-11-28
166,12,5,Recurring Deposit,127266.53,2018-07-07
167,97,7,Savings,461694.05,2020-11-01
168,99,1,Recurring Deposit,70686.3,2020-08-01
169,377,11,Savings,342084.44,2021-02-19
170,464,14,Recurring Deposit,108289.44,2020-10-16
171,333,14,Checking,58070.85,2015-07-17
172,63,13,Checking,59711.32,2015-10-12
173,188,11,Recurring Deposit,366736.57,2020-02-20
174,250,11,Savings,169113.54,2017-01-27
175,261,10,Checking,272398.71,2024-03-20
176,209,17,Savings,470173.84,2021-12-17
177,167,3,Recurring Deposit,59498.06,2020-07-09
178,401,9,Recurring Deposit,243014.5,2023-05-07
179,415,15,Recurring Deposit,18414.95,2020-05-27
180,375,19,Checking,309974.11,2020-12-05
181,361,8,Fixed Deposit,79818.74,2023-01-04
182,274,11,Checking,260485.39,2021-07-14
183,128,17,Recurring Deposit,416611.94,2019-09-22
184,382,5,Fixed Deposit,299454.37,2016-12-30
185,373,17,Checking,188430.83,2017-07-27
186,345,8,Fixed Deposit,219968.84,2016-03-08
187,158,8,Savings,390036.79,2019-03-18
188,83,19,Savings,158464.33,2021-02-01
189,297,6,Fixed Deposit,5493.46,2016-12-20
190,333,12,Checking,131783.92,2024-09-30
191,437,17,Recurring Deposit,420280.28,2022-06-21
192,238,19,Savings,350724.75,2019-10-06
193,366,14,Fixed Deposit,280757.54,2020-12-21
194,132,6,Recurring Deposit,277526.61,2022-05-15
195,418,8,Savings,3433.24,2018-02-05
196,289,17,Fixed Deposit,56977.8,2022-02-21
197,331,3,Savings,47057.46,2016-04-08
198,89,3,Savings,311439.04,2022-02-14
199,389,6,Fixed Deposit,253228.71,2019-12-13
200,112,3,Fixed Deposit,48138.79,2021-10-20
201,332,9,Checking,136031.98,2015-12-24
202,481,19,Checking,191445.98,2019-04-21
203,364,16,Savings,168836.02,2019-02-28
204,324,15,Savings,324847.42,2016-07-21
205,153,16,Savings,377009.0,2018-01-16
206,213,5,Checking,461638.72,2024-05-31
207,434,19,Savings,14384.36,2019-10-18
208,275,7,Recurring Deposit,381473.19,2022-10-05
209,457,1,Checking,182203.14,2019-02-17
210,223,13,Checking,77215.97,2018-01-23
211,438,13,Recurring Deposit,219326.79,2021-02-05
212,87,9,Checking,24072.89,2020-07-15
213,485,8,Savings,11111.75,2022-06-25
214,258,1,Checking,361199.14,2021-04-25
215,135,7,Checking,478721.18,2018-05-04
216,384,15,Fixed Deposit,131373.05,2023-12-30
217,86,3,Recurring Deposit,359806.72,2017-06-03
218,394,1,Fixed Deposit,48690.69,2016-06-09
219,171,8,Recurring Deposit,485119.39,2022-09-05
220,458,8,Checking,221736.39,2016-11-10
221,149,8,Checking,469003.12,2018-11-16
222,347,6,Fixed Deposit,491558.36,2017-01-18
223,196,5,Checking,33212.31,2022-12-22
224,423,11,Checking,261909.4,2019-11-17
225,159,6,Checking,281815.28,2019-08-02
226,6,20,Savings,81826.19,2016-04-14
227,350,17,Checking,383235.57,2018-03-08
228,398,1,Checking,211756.81,2023-12-28
229,17,13,Recurring Deposit,306933.18,2018-03-13
230,8,20,Checking,339920.54,2024-04-08
231,115,18,Savings,261611.48,2023-12-05
232,259,10,Savings,459130.34,2016-03-12
233,231,12,Savings,199942.29,2023-01-02
234,486,11,Fixed Deposit,293269.48,2020-07-13
235,332,15,Recurring Deposit,120140.64,2024-09-10
236,444,5,Recurring Deposit,425165.69,2018-12-05
237,162,1,Checking,227066.77,2023-03-25
238,63,19,Savings,68042.07,2024-08-14
239,253,2,Savings,185015.66,2015-08-12
240,192,8,Savings,401173.56,2022-08-23
241,107,8,Checking,255565.91,2020-10-08
242,262,2,Checking,137497.22,2016-09-13
243,228,10,Savings,7171.11,2019-01-09
244,178,7,Checking,12021.05,2024-09-10
245,53,20,Recurring Deposit,32816.34,2023-03-30
246,232,12,Fixed Deposit,149435.75,2021-06-07
247,385,4,Fixed Deposit,450490.69,2019-07-26
248,495,15,Fixed Deposit,238093.75,2020-10-08
249,432,15,Checking,194556.91,2019-10-17
250,260,15,Fixed Deposit,456750.5,2023-10-08
251,492,5,Savings,384438.15,2023-09-21
252,344,1,Fixed Deposit,19075.21,2017-07-30
253,141,15,Savings,176472.69,2015-06-20
254,264,4,Fixed Deposit,91495.27,2019-04-24
255,474,1,Fixed Deposit,18927.91,2017-12-13
256,124,19,Savings,354375.65,2017-02-25
257,132,10,Recurring Deposit,196818.95,2016-11-05
258,277,6,Recurring Deposit,196627.47,2021-12-07
259,334,3,Recurring Deposit,390534.57,2022-10-19
260,119,2,Checking,349218.45,2023-07-25
261,487,8,Checking,436823.08,2022-06-04
262,17,11,Checking,291572.66,2016-03-19
263,392,14,Checking,193171.52,2020-08-09
264,399,12,Checking,486232.34,2021-08-28
265,347,1,Checking,48040.34,2023-03-07
266,86,4,Recurring Deposit,137214.43,2023-03-25
267,216,5,Savings,333143.39,2022-09-27
268,413,13,Checking,288504.56,2024-08-20
269,84,5,Recurring Deposit,339187.64,2020-05-14
270,117,19,Recurring Deposit,160697.97,2025-01-21
271,41,18,Checking,30914.57,2015-07-03
272,143,16,Checking,361168.93,2020-04-20
273,42,19,Savings,442370.32,2021-04-10
274,270,4,Checking,198305.64,2016-05-07
275,387,4,Checking,191443.66,2022-01-14
276,452,19,Fixed Deposit,429518.79,2019-03-15
277,320,8,Savings,242445.32,2021-03-22
278,346,18,Fixed Deposit,272411.05,2022-03-10
279,78,19,Checking,487564.62,2023-01-26
280,424,2,Checking,18677.55,2018-07-02
281,256,11,Savings,402677.47,2020-06-20
282,80,5,Savings,34123.63,2015-09-11
283,205,5,Fixed Deposit,418601.54,2023-10-24
284,488,15,Fixed Deposit,235541.13,2020-11-05
285,473,8,Savings,449765.24,2016-09-10
286,491,7,Savings,10245.97,2024-12-01
287,423,4,Checking,182443.65,2024-07-13
288,112,19,Savings,337203.77,2018-05-15
289,279,3,Recurring Deposit,450127.67,2023-12-30
290,134,10,Checking,338592.19,2021-03-16
291,226,3,Fixed Deposit,331274.26,2016-05-13
292,82,3,Fixed Deposit,252616.39,2022-11-01
293,74,18,Recurring Deposit,184275.54,2020-08-09
294,38,19,Fixed Deposit,294329.29,2025-02-15
295,209,1,Recurring Deposit,51996.01,2019-05-24
296,107,11,Savings,318039.02,2018-01-21
297,92,13,Savings,204562.04,2017-03-06
298,476,19,Fixed Deposit,118941.31,2020-01-19
299,418,1,Checking,375657.83,2018-06-12
300,459,15,Recurring Deposit,270033.18,2021-04-14
301,62,20,Savings,96780.85,2020-06-28
302,265,12,Recurring Deposit,114491.84,2024-09-06
303,125,8,Savings,40901.58,2015-06-08
304,239,6,Checking,488709.35,2017-10-03
305,118,3,Checking,366757.69,2016-06-11
306,137,5,Recurring Deposit,269566.01,2015-09-14
307,389,1,Checking,363223.12,2022-06-14
308,423,18,Savings,467569.33,2019-07-06
309,268,3,Checking,54104.4,2024-10-13
310,321,6,Recurring Deposit,68382.55,2021-06-02
311,130,7,Recurring Deposit,44396.62,2024-06-24
312,22,1,Savings,401828.15,2020-03-13
313,271,8,Fixed Deposit,417113.72,2020-05-06
314,460,10,Fixed Deposit,76484.05,2022-01-05
315,419,8,Fixed Deposit,149473.58,2017-02-07
316,475,8,Recurring Deposit,43601.2,2021-10-18
317,500,2,Recurring Deposit,372142.95,2022-06-06
318,53,5,Checking,195509.37,2023-03-19
319,480,2,Checking,54217.89,2021-07-05
320,453,14,Recurring Deposit,134916.55,2017-05-07
321,47,9,Fixed Deposit,31012.08,2019-07-15
322,456,20,Savings,247685.22,2021-03-31
323,404,1,Checking,214643.97,2019-02-23
324,141,7,Checking,304644.33,2019-08-03
325,381,1,Fixed Deposit,3682.3,2023-01-13
326,486,9,Fixed Deposit,4685.24,2018-08-09
327,207,20,Savings,93255.22,2024-02-04
328,268,5,Fixed Deposit,233873.62,2022-06-05
329,256,4,Recurring Deposit,9372.72,2022-02-06
330,391,15,Recurring Deposit,220716.87,2023-11-28
331,263,17,Savings,479300.6,2016-09-18
332,363,14,Recurring Deposit,255806.92,2018-04-11
333,450,15,Fixed Deposit,326860.31,2024-06-24
334,75,16,Fixed Deposit,345197.51,2024-03-01
335,277,16,Fixed Deposit,309433.27,2019-07-23
336,103,13,Savings,331339.24,2015-08-09
337,459,12,Savings,149798.69,2020-12-25
338,196,19,Checking,210813.92,2023-10-18
339,454,1,Checking,289745.83,2023-05-06
340,198,20,Checking,92040.87,2018-12-04
341,439,12,Fixed Deposit,167475.18,2019-04-25
342,189,6,Savings,42914.58,2020-08-25
343,226,3,Recurring Deposit,278126.04,2024-02-01
344,337,14,Fixed Deposit,68359.9,2024-09-14
345,28,6,Savings,478227.72,2022-05-17
346,186,12,Fixed Deposit,333932.09,2017-08-22
347,310,8,Fixed Deposit,330908.18,2016-10-30
348,98,17,Fixed Deposit,328470.94,2023-03-21
349,492,14,Recurring Deposit,229369.58,2024-07-20
350,234,15,Savings,296183.77,2021-07-23
351,76,6,Savings,159454.17,2017-01-20
352,289,7,Fixed Deposit,87665.16,2023-05-19
353,50,13,Savings,498723.97,2020-06-24
354,80,1,Checking,279082.81,2023-11-22
355,480,7,Recurring Deposit,197777.92,2016-03-06
356,157,13,Savings,25090.43,2022-04-29
357,461,2,Savings,36587.19,2021-12-17
358,351,19,Fixed Deposit,164450.81,2018-12-24
359,433,8,Fixed Deposit,146281.9,2016-04-27
360,105,1,Savings,349880.18,2022-05-03
361,176,12,Savings,375364.16,2015-05-20
362,350,12,Checking,415280.41,2017-12-31
363,304,16,Recurring Deposit,462171.46,2015-10-11
364,300,14,Fixed Deposit,387156.81,2024-01-04
365,472,18,Fixed Deposit,485178.14,2018-11-13
366,31,16,Fixed Deposit,214754.26,2015-10-26
367,281,9,Fixed Deposit,425548.27,2023-10-13
368,54,8,Savings,231972.18,2018-01-31
369,267,17,Checking,447538.55,2016-10-06
370,129,5,Savings,213681.12,2023-04-30
371,115,17,Fixed Deposit,494857.95,2023-09-27
372,294,2,Fixed Deposit,281669.49,2025-02-08
373,332,6,Recurring Deposit,292878.15,2022-12-19
374,125,17,Fixed Deposit,448001.9,2024-10-22
375,215,4,Savings,315277.58,2021-03-03
376,165,11,Fixed Deposit,127527.14,2022-08-20
377,33,12,Checking,297202.94,2017-03-20
378,47,12,Checking,140777.02,2020-09-21
379,153,11,Savings,277067.7,2021-02-06
380,123,20,Fixed Deposit,484020.5,2022-01-05
381,297,4,Checking,257542.47,2019-01-12
382,235,10,Savings,44761.94,2015-07-22
383,78,4,Recurring Deposit,106010.1,2024-07-21
384,217,1,Recurring Deposit,113393.34,2025-02-07
385,429,12,Recurring Deposit,206877.81,2025-01-23
386,315,6,Fixed Deposit,237889.73,2021-07-10
387,159,18,Fixed Deposit,499254.8,2017-07-01
388,335,8,Checking,217141.03,2022-08-04
389,321,17,Savings,453027.87,2023-12-16
390,383,2,Fixed Deposit,470445.09,2019-06-16
391,47,1,Savings,145941.54,2019-10-13
392,237,3,Savings,271682.83,2016-08-21
393,325,10,Savings,402496.41,2019-05-09
394,302,14,Checking,100008.22,2024-10-09
395,386,1,Checking,241018.39,2022-07-18
396,230,6,Savings,160170.38,2023-10-30
397,341,5,Savings,19867.68,2025-01-05
398,90,14,Fixed Deposit,420585.79,2024-07-04
399,102,10,Fixed Deposit,259742.32,2023-08-09
400,18,16,Fixed Deposit,409821.06,2016-08-16
401,138,15,Savings,262783.54,2019-12-20
402,64,12,Fixed Deposit,110240.56,2022-06-05
403,426,7,Recurring Deposit,182851.88,2016-12-22
404,436,14,Fixed Deposit,160393.78,2023-06-19
405,216,6,Recurring Deposit,329699.71,2017-01-28
406,474,7,Recurring Deposit,403451.13,2024-03-16
407,77,10,Checking,218088.37,2025-02-01
408,120,4,Checking,56413.66,2018-09-25
409,233,1,Fixed Deposit,88100.92,2020-04-10
410,379,3,Savings,302139.68,2015-05-16
411,346,19,Savings,353121.6,2021-06-07
412,427,10,Recurring Deposit,231228.51,2023-02-04
413,185,20,Recurring Deposit,295770.06,2018-12-10
414,228,3,Fixed Deposit,279919.29,2016-12-28
415,208,7,Recurring Deposit,143698.18,2020-09-02
416,315,20,Checking,78392.74,2021-08-07
417,473,15,Fixed Deposit,113016.21,2019-03-24
418,34,1,Checking,355903.38,2021-03-20
419,434,3,Savings,12518.35,2023-06-14
420,52,8,Fixed Deposit,228324.49,2019-08-22
421,205,16,Fixed Deposit,278386.8,2021-10-11
422,37,20,Fixed Deposit,335526.52,2018-07-31
423,248,6,Fixed Deposit,392421.01,2022-09-21
424,121,6,Recurring Deposit,493792.92,2023-11-02
425,250,6,Savings,96914.85,2017-08-06
426,349,17,Savings,312023.92,2019-07-30
427,416,7,Recurring Deposit,366387.79,2019-01-04
428,151,3,Fixed Deposit,61409.81,2022-03-27
429,83,20,Recurring Deposit,130772.73,2017-07-10
430,454,20,Checking,59777.77,2019-10-23
431,486,3,Checking,41561.69,2021-04-12
432,189,7,Recurring Deposit,299383.78,2016-05-02
433,110,1,Checking,262554.63,2022-03-21
434,353,2,Fixed Deposit,236897.2,2018-01-29
435,20,15,Savings,416345.64,2015-08-12
436,71,20,Fixed Deposit,339055.04,2020-05-19
437,484,8,Fixed Deposit,326744.63,2020-07-04
438,46,2,Recurring Deposit,92344.59,2023-05-04
439,32,5,Recurring Deposit,469198.32,2022-02-08
440,131,5,Checking,26223.26,2023-07-29
441,398,16,Fixed Deposit,161024.78,2016-08-19
442,219,3,Savings,187431.8,2021-06-29
443,74,3,Fixed Deposit,223540.89,2016-04-18
444,298,15,Checking,90993.52,2024-04-28
445,10,10,Fixed Deposit,444049.54,2019-08-04
446,334,3,Fixed Deposit,432038.81,2019-02-28
447,246,12,Recurring Deposit,45729.93,2016-10-18
448,338,18,Recurring Deposit,178255.3,2022-03-09
449,236,9,Fixed Deposit,408281.36,2022-10-16
450,39,11,Recurring Deposit,467184.56,2022-08-15
451,109,9,Fixed Deposit,144499.46,2020-10-18
452,417,5,Savings,348018.76,2020-04-10
453,203,19,Checking,111912.2,2017-03-22
454,163,19,Recurring Deposit,492974.26,2019-11-07
455,217,3,Checking,60949.04,2018-08-08
456,470,20,Fixed Deposit,487701.54,2018-04-11
457,476,11,Checking,294162.05,2016-01-30
458,290,20,Fixed Deposit,420208.33,2024-02-05
459,257,19,Fixed Deposit,452943.4,2021-09-04
460,359,3,Checking,126936.91,2020-05-12
461,456,2,Fixed Deposit,289753.37,2018-06-25
462,314,8,Savings,261779.38,2021-05-08
463,463,12,Fixed Deposit,386562.06,2024-02-07
464,399,12,Checking,55810.47,2020-12-20
465,210,14,Checking,385406.54,2020-01-20
466,148,6,Checking,75124.22,2022-12-19
467,30,7,Fixed Deposit,252274.85,2023-07-08
468,476,6,Checking,165923.43,2019-01-19
469,71,2,Recurring Deposit,85674.32,2016-08-23
470,208,16,Fixed Deposit,339337.3,2020-02-17
471,309,20,Fixed Deposit,154998.92,2022-10-30
472,271,20,Recurring Deposit,278110.68,2018-10-16
473,59,17,Fixed Deposit,314183.5,2021-07-28
474,429,11,Checking,430504.3,2019-04-01
475,173,11,Recurring Deposit,411521.06,2015-07-10
476,295,2,Recurring Deposit,289621.09,2020-04-26
477,484,17,Recurring Deposit,413859.14,2018-09-10
478,32,11,Checking,201547.32,2025-02-20
479,359,4,Savings,465071.89,2016-12-27
480,51,12,Savings,184933.81,2021-06-18
481,354,7,Recurring Deposit,369248.64,2025-02-12
482,232,6,Recurring Deposit,225418.86,2024-05-18
483,16,7,Checking,460273.1,2022-11-10
484,291,15,Recurring Deposit,97045.59,2024-04-30
485,74,1,Recurring Deposit,285193.14,2022-10-29
486,177,4,Fixed Deposit,423732.12,2017-04-18
487,403,3,Recurring Deposit,323775.08,2024-04-11
488,128,16,Checking,101986.28,2019-07-29
489,375,15,Recurring Deposit,258600.34,2018-02-22
490,112,19,Fixed Deposit,379175.58,2018-06-29
491,356,8,Recurring Deposit,403779.57,2024-12-05
492,191,20,Fixed Deposit,463094.54,2024-03-06
493,185,20,Checking,204490.57,2021-11-11
494,90,18,Fixed Deposit,56604.39,2018-05-05
495,328,12,Recurring Deposit,344110.07,2020-09-06
496,136,18,Recurring Deposit,267819.61,2017-04-17
497,497,4,Savings,101268.23,2018-12-06
498,75,1,Checking,299105.2,2022-11-28
499,149,18,Recurring Deposit,103360.19,2021-03-22
500,487,3,Recurring Deposit,320447.96,2021-05-24
501,17,13,Fixed Deposit,386911.21,2023-10-26
502,431,8,Fixed Deposit,195960.44,2022-07-26
503,332,16,Fixed Deposit,40341.47,2018-01-21
504,307,13,Savings,175284.8,2019-10-15
505,463,4,Checking,478854.66,2024-06-18
506,379,11,Savings,252839.36,2017-10-07
507,76,2,Checking,176094.04,2021-11-18
508,403,6,Fixed Deposit,65768.27,2016-07-04
509,157,9,Fixed Deposit,252027.8,2022-12-21
510,61,8,Recurring Deposit,475717.66,2015-12-07
511,331,13,Recurring Deposit,289316.87,2023-09-01
512,68,12,Checking,160723.92,2019-10-14
513,256,15,Recurring Deposit,206732.82,2018-11-24
514,465,1,Fixed Deposit,225717.79,2019-04-05
515,176,8,Fixed Deposit,294735.62,2023-08-21
516,269,19,Fixed Deposit,469313.01,2017-12-24
517,238,18,Fixed Deposit,62259.2,2020-09-03
518,476,19,Savings,217076.53,2017-03-14
519,109,20,Savings,362600.83,2016-07-29
520,129,8,Checking,312606.21,2025-01-26
521,175,16,Checking,238678.0,2024-08-26
522,308,2,Savings,366678.34,2017-07-21
523,416,6,Checking,315284.62,2024-02-04
524,450,12,Fixed Deposit,363287.37,2019-09-26
525,176,13,Savings,123170.64,2016-07-30
526,272,15,Recurring Deposit,446681.94,2024-07-23
527,482,2,Savings,84427.07,2022-09-12
528,428,7,Checking,285320.04,2018-02-24
529,324,11,Recurring Deposit,295388.01,2017-03-19
530,217,13,Fixed Deposit,336558.4,2019-04-11
531,237,5,Recurring Deposit,334542.42,2025-01-20
532,399,17,Recurring Deposit,428423.21,2017-03-01
533,458,2,Checking,245395.76,2016-06-18
534,442,1,Savings,124630.4,2020-07-04
535,3,4,Checking,26234.41,2019-03-21
536,362,6,Checking,113507.33,2023-12-02
537,154,9,Checking,137471.05,2018-04-21
538,212,14,Savings,65479.43,2019-09-26
539,99,16,Fixed Deposit,428397.58,2022-07-11
540,43,5,Recurring Deposit,94700.0,2015-07-06
541,120,18,Savings,302985.67,2019-01-14
542,344,11,Savings,82230.61,2017-05-12
543,281,7,Recurring Deposit,200660.22,2016-08-09
544,404,4,Checking,417465.08,2022-07-12
545,236,17,Fixed Deposit,95257.39,2024-04-20
546,396,15,Checking,107375.8,2020-10-17
547,437,10,Fixed Deposit,27764.21,2022-09-26
548,452,5,Checking,435974.44,2017-07-19
549,210,14,Recurring Deposit,444862.69,2017-09-05
550,312,7,Checking,177535.86,2018-10-20
551,409,9,Checking,16244.97,2015-07-28
552,397,11,Fixed Deposit,254989.29,2015-11-09
553,139,14,Savings,14677.37,2017-07-06
554,469,15,Fixed Deposit,27092.81,2021-08-13
555,112,17,Fixed Deposit,203160.06,2017-08-14
556,337,1,Checking,466618.71,2024-03-28
557,283,14,Checking,151767.33,2018-06-25
558,471,6,Recurring Deposit,30910.28,2018-04-09
559,349,4,Fixed Deposit,34000.84,2020-02-08
560,345,6,Checking,448034.22,2017-03-16
561,260,19,Recurring Deposit,181675.68,2024-12-19
562,261,9,Recurring Deposit,217621.39,2023-08-13
563,12,7,Savings,439404.77,2022-08-04
564,265,9,Fixed Deposit,31548.33,2018-05-29
565,36,17,Recurring Deposit,444309.61,2021-04-26
566,261,3,Recurring Deposit,79509.14,2017-01-01
567,170,6,Recurring Deposit,285319.68,2021-03-05
568,228,20,Checking,253063.76,2022-12-04
569,131,8,Savings,12277.31,2023-07-20
570,311,20,Savings,421558.41,2016-09-14
571,48,20,Checking,394533.91,2016-05-03
572,147,12,Recurring Deposit,356891.78,2019-11-03
573,151,9,Savings,333897.15,2015-10-17
574,211,8,Recurring Deposit,466164.38,2019-10-25
575,346,6,Checking,135602.96,2022-02-07
576,366,3,Fixed Deposit,61370.09,2019-04-27
577,463,16,Checking,196974.79,2015-11-08
578,477,7,Recurring Deposit,198531.96,2019-12-31
579,168,17,Fixed Deposit,256850.2,2022-04-11
580,433,19,Fixed Deposit,418670.95,2016-01-31
581,293,10,Recurring Deposit,40864.47,2020-09-14
582,97,5,Savings,97785.37,2019-10-06
583,71,3,Fixed Deposit,394717.17,2017-01-13
584,467,20,Recurring Deposit,196765.75,2024-03-05
585,198,5,Savings,14401.83,2023-05-06
586,225,19,Checking,5415.73,2017-03-03
587,376,5,Recurring Deposit,14133.06,2016-04-18
588,404,1,Savings,185664.33,2015-03-23
589,239,11,Recurring Deposit,404308.24,2025-01-08
590,259,9,Savings,198417.74,2023-06-15
591,47,11,Recurring Deposit,171088.03,2017-07-13
592,303,11,Savings,91087.98,2024-08-07
593,475,3,Checking,212523.85,2020-12-24
594,133,3,Savings,84447.01,2024-08-12
595,359,12,Savings,222362.7,2023-03-04
596,18,13,Checking,423356.51,2016-12-15
597,458,4,Recurring Deposit,470790.74,2023-11-29
598,232,20,Recurring Deposit,383381.0,2017-10-02
599,266,14,Fixed Deposit,51746.99,2022-04-29
600,29,16,Recurring Deposit,289753.52,2022-07-02
601,276,2,Fixed Deposit,316266.85,2023-12-29
602,299,4,Savings,251579.24,2015-04-02
603,495,3,Savings,103064.5,2016-10-30
604,40,12,Recurring Deposit,183863.14,2020-02-05
605,477,18,Checking,357796.32,2024-08-11
606,500,7,Fixed Deposit,107667.42,2020-10-27
607,469,12,Fixed Deposit,274460.11,2020-11-11
608,245,11,Fixed Deposit,91536.03,2024-04-27
609,257,16,Recurring Deposit,461260.64,2019-04-20
610,199,13,Checking,305698.15,2021-05-26
611,135,18,Checking,71353.6,2020-04-04
612,62,10,Savings,223922.87,2023-12-11
613,370,12,Fixed Deposit,10905.54,2023-04-17
614,187,17,Savings,203914.86,2019-02-05
615,109,20,Checking,365445.33,2023-10-28
616,467,11,Fixed Deposit,403149.55,2024-02-17
617,198,7,Savings,480374.02,2022-02-25
618,183,8,Recurring Deposit,120766.03,2016-02-23
619,167,6,Checking,213296.79,2018-06-20
620,367,12,Fixed Deposit,396487.32,2024-10-06
621,361,5,Recurring Deposit,71334.68,2020-02-17
622,451,4,Checking,249776.5,2016-06-18
623,105,14,Recurring Deposit,253942.54,2017-08-29
624,64,4,Recurring Deposit,354808.68,2018-11-19
625,440,15,Fixed Deposit,343972.66,2016-06-02
626,194,11,Checking,32803.23,2016-12-21
627,202,6,Recurring Deposit,100747.41,2023-08-01
628,379,20,Recurring Deposit,212111.39,2024-02-17
629,374,20,Checking,146054.22,2024-05-22
630,77,19,Fixed Deposit,405085.74,2018-06-27
631,184,14,Savings,460457.81,2016-03-29
632,373,4,Recurring Deposit,440774.98,2015-10-25
633,392,5,Savings,147266.7,2017-11-24
634,137,20,Fixed Deposit,212572.15,2016-04-23
635,237,7,Checking,104887.34,2015-09-02
636,147,16,Recurring Deposit,117837.36,2021-03-24
637,400,12,Checking,256689.17,2017-06-02
638,392,8,Fixed Deposit,322643.71,2020-08-17
639,22,5,Checking,488756.25,2016-10-16
640,369,9,Savings,121318.37,2015-12-07
641,344,4,Fixed Deposit,286870.48,2020-08-25
642,279,5,Recurring Deposit,341712.51,2015-04-18
643,397,9,Savings,7562.84,2022-08-02
644,152,16,Checking,7933.0,2021-05-03
645,132,13,Fixed Deposit,341058.52,2015-09-11
646,130,10,Savings,153571.33,2017-04-30
647,364,14,Savings,64244.88,2017-04-11
648,208,8,Recurring Deposit,490547.67,2016-12-10
649,457,16,Savings,229980.86,2019-01-04
650,81,12,Checking,192236.41,2021-09-06
651,291,11,Fixed Deposit,245570.28,2020-07-18
652,5,19,Recurring Deposit,61240.08,2023-10-30
653,257,11,Fixed Deposit,195306.9,2016-06-14
654,336,6,Recurring Deposit,145445.73,2024-11-22
655,127,15,Checking,202043.46,2024-12-29
656,323,11,Savings,388480.05,2023-11-17
657,125,2,Checking,479761.52,2018-07-08
658,89,1,Recurring Deposit,85108.68,2021-07-20
659,276,18,Fixed Deposit,341132.17,2020-02-20
660,409,14,Savings,471858.29,2019-05-28
661,194,14,Checking,120136.3,2021-09-27
662,14,14,Fixed Deposit,257702.25,2017-12-31
663,267,19,Fixed Deposit,297205.76,2020-06-12
664,421,1,Fixed Deposit,321079.01,2017-11-08
665,387,7,Savings,286580.43,2023-11-06
666,191,5,Fixed Deposit,154854.37,2021-09-15
667,115,2,Savings,212899.54,2018-10-20
668,213,3,Fixed Deposit,127712.04,2023-12-24
669,497,10,Checking,455142.01,2020-07-06
670,204,1,Checking,4444.27,2022-12-17
671,247,13,Checking,121280.59,2018-10-08
672,199,6,Savings,42262.82,2017-11-28
673,121,15,Checking,34250.29,2017-03-20
674,481,9,Savings,58892.64,2023-06-27
675,42,16,Fixed Deposit,18949.92,2023-10-31
676,78,7,Fixed Deposit,44492.37,2018-12-15
677,456,7,Recurring Deposit,40392.64,2016-08-16
678,333,8,Savings,77224.73,2021-01-24
679,106,5,Recurring Deposit,184592.18,2019-06-21
680,384,11,Recurring Deposit,409424.34,2015-06-23
681,68,1,Fixed Deposit,488837.38,2020-01-04
682,124,13,Savings,158004.52,2021-04-28
683,439,11,Recurring Deposit,217751.1,2017-07-28
684,167,1,Savings,129044.1,2018-11-17
685,228,20,Savings,313821.53,2021-07-30
686,318,4,Savings,377249.49,2018-12-09
687,28,7,Fixed Deposit,373592.71,2015-04-02
688,358,3,Savings,388701.46,2021-04-11
689,202,2,Checking,50565.17,2020-06-19
690,256,12,Savings,167352.82,2015-08-31
691,279,6,Recurring Deposit,345357.85,2022-08-18
692,119,1,Fixed Deposit,307042.9,2024-10-04
693,269,10,Checking,94073.89,2015-11-03
694,364,16,Checking,344084.59,2020-11-04
695,123,3,Checking,55372.55,2022-08-01
696,35,1,Recurring Deposit,120746.97,2018-09-24
697,307,1,Checking,387302.0,2024-08-22
698,240,4,Fixed Deposit,258297.62,2020-04-17
699,78,2,Recurring Deposit,91551.03,2015-09-16
700,484,9,Checking,420248.38,2019-02-22
701,256,5,Fixed Deposit,385237.4,2024-07-21
702,111,11,Savings,182929.06,2022-09-29
703,160,2,Savings,354514.56,2023-04-01
704,490,13,Recurring Deposit,481214.78,2024-02-22
705,298,6,Recurring Deposit,274509.95,2018-05-07
706,341,20,Savings,395749.21,2024-07-31
707,146,14,Savings,190196.04,2022-02-15
708,401,18,Checking,172435.78,2016-10-06
709,183,3,Recurring Deposit,142480.93,2020-10-18
710,449,3,Checking,47330.61,2021-02-20
711,196,12,Checking,92494.23,2024-09-18
712,179,4,Checking,351633.92,2022-11-22
713,107,1,Savings,297199.72,2018-06-22
714,366,15,Savings,374030.6,2020-05-02
715,362,5,Savings,384910.64,2017-08-05
716,303,15,Fixed Deposit,167908.54,2020-11-09
717,179,20,Checking,419355.6,2018-04-05
718,113,2,Savings,376783.42,2020-10-19
719,350,13,Recurring Deposit,297710.33,2020-12-21
720,215,19,Checking,87270.34,2024-05-13
721,193,14,Checking,399568.12,2023-02-06
722,99,19,Fixed Deposit,86816.85,2019-05-17
723,414,17,Fixed Deposit,86300.57,2017-01-11
724,90,13,Checking,52920.68,2016-11-18
725,181,17,Fixed Deposit,463008.43,2016-09-23
726,120,13,Savings,336081.63,2020-12-23
727,94,16,Checking,140887.61,2021-09-13
728,195,11,Checking,1420.43,2023-06-05
729,82,8,Savings,84520.3,2020-05-18
730,29,20,Fixed Deposit,136477.33,2019-03-05
731,38,9,Fixed Deposit,381656.25,2018-09-16
732,195,5,Fixed Deposit,320097.37,2021-11-03
733,360,16,Savings,297280.21,2019-12-15
734,153,10,Recurring Deposit,163533.87,2021-03-28
735,71,6,Fixed Deposit,380292.43,2020-01-09
736,89,17,Checking,132752.66,2020-03-03
737,309,13,Fixed Deposit,482513.89,2017-12-19
738,1,20,Checking,74005.16,2023-05-29
739,185,1,Recurring Deposit,245947.62,2023-10-12
740,428,15,Savings,106298.17,2020-03-17
741,458,9,Savings,99133.1,2023-01-04
742,76,4,Fixed Deposit,371095.62,2019-10-28
743,278,10,Savings,13626.18,2022-09-04
744,459,1,Checking,241639.45,2023-02-19
745,112,15,Recurring Deposit,381439.82,2019-02-21
746,309,6,Recurring Deposit,83140.28,2019-09-29
747,285,11,Savings,210994.31,2018-03-28
748,343,1,Checking,275425.51,2016-04-22
749,93,8,Checking,185878.26,2022-02-19
750,481,3,Recurring Deposit,293573.11,2019-11-24
751,199,1,Fixed Deposit,434718.89,2021-01-01
752,184,20,Fixed Deposit,317578.42,2016-05-23
753,384,12,Recurring Deposit,458899.04,2020-02-06
754,175,2,Recurring Deposit,473001.1,2021-08-03
755,44,7,Checking,204090.34,2023-09-21
756,55,10,Recurring Deposit,93075.11,2018-11-26
757,454,16,Savings,225423.01,2021-04-10
758,75,8,Savings,490902.15,2019-07-22
759,80,13,Checking,69462.48,2017-06-08
760,1,18,Fixed Deposit,55134.56,2018-11-27
761,162,17,Savings,491592.45,2019-09-08
762,4,8,Fixed Deposit,118638.61,2024-12-02
763,275,20,Savings,107501.55,2019-08-02
764,23,15,Savings,398814.41,2022-08-15
765,311,2,Fixed Deposit,465433.78,2020-10-08
766,268,7,Fixed Deposit,167002.56,2022-03-10
767,402,10,Recurring Deposit,135797.76,2022-12-17
768,396,1,Savings,293952.48,2016-03-21
769,336,20,Checking,359066.05,2020-07-20
770,242,1,Fixed Deposit,40249.72,2024-10-13
771,12,3,Recurring Deposit,289425.46,2022-12-18
772,200,14,Checking,102760.11,2021-01-22
773,409,15,Fixed Deposit,32243.73,2015-11-23
774,35,15,Fixed Deposit,401327.37,2018-10-02
775,337,7,Recurring Deposit,397250.56,2024-06-25
776,272,7,Recurring Deposit,417481.97,2023-01-07
777,322,6,Recurring Deposit,34445.45,2024-08-01
778,381,13,Recurring Deposit,344559.72,2022-12-05
779,349,7,Checking,446510.56,2024-04-13
780,71,19,Checking,107197.36,2020-10-15
781,400,19,Savings,368162.4,2017-10-19
782,365,6,Fixed Deposit,50811.64,2025-02-21
783,73,1,Savings,341604.73,2021-11-10
784,254,3,Recurring Deposit,331519.54,2017-02-25
785,416,6,Savings,130776.54,2022-06-24
786,386,12,Savings,115269.26,2019-06-16
787,210,16,Fixed Deposit,456331.74,2020-04-16
788,44,2,Fixed Deposit,338991.74,2024-04-17
789,305,4,Checking,425012.27,2016-08-30
790,468,12,Savings,304539.7,2022-03-08
791,439,15,Fixed Deposit,335627.55,2024-03-18
792,250,17,Recurring Deposit,70254.18,2021-06-14
793,98,3,Recurring Deposit,298235.44,2019-09-04
794,374,5,Savings,470018.95,2024-12-16
795,153,8,Recurring Deposit,46397.27,2022-02-10
796,330,9,Recurring Deposit,471578.8,2015-09-15
797,114,6,Fixed Deposit,437365.75,2017-01-01
798,166,8,Checking,216275.2,2016-04-06
799,449,17,Checking,222616.21,2018-02-18
800,14,3,Savings,236164.49,2022-05-09
801,108,8,Recurring Deposit,172521.02,2016-08-05
802,268,9,Recurring Deposit,19411.16,2016-05-05
803,13,10,Checking,296283.58,2019-09-20
804,154,13,Recurring Deposit,276469.44,2024-03-14
805,19,2,Savings,107943.56,2015-04-26
806,267,2,Recurring Deposit,38624.92,2015-07-07
807,453,2,Fixed Deposit,317046.02,2021-06-27
808,268,5,Fixed Deposit,39280.87,2018-08-30
809,64,5,Checking,428596.54,2018-11-03
810,92,13,Checking,85363.06,2016-06-23
811,5,11,Checking,14567.1,2015-06-27
812,91,20,Checking,459713.58,2019-10-21
813,368,18,Recurring Deposit,321870.82,2023-06-13
814,393,14,Fixed Deposit,307688.37,2024-07-11
815,368,18,Savings,456889.15,2024-05-17
816,34,9,Recurring Deposit,107039.34,2024-10-20
817,62,10,Recurring Deposit,26512.42,2021-05-04
818,388,12,Recurring Deposit,142711.21,2024-07-21
819,92,7,Checking,331584.24,2020-07-26
820,282,11,Fixed Deposit,239045.24,2023-02-21
821,259,9,Fixed Deposit,354824.16,2016-05-13
822,314,3,Savings,110054.84,2023-01-03
823,410,7,Recurring Deposit,352101.26,2018-08-29
824,53,15,Checking,298562.1,2016-05-22
825,435,10,Savings,351819.75,2015-08-23
826,33,7,Fixed Deposit,442305.79,2018-06-20
827,479,17,Recurring Deposit,479410.53,2018-03-11
828,142,12,Recurring Deposit,231947.3,2022-08-17
829,421,17,Fixed Deposit,406767.44,2020-11-07
830,61,5,Recurring Deposit,187482.09,2022-05-23
831,166,15,Fixed Deposit,183120.16,2022-11-13
832,82,9,Savings,122857.52,2018-08-11
833,50,10,Fixed Deposit,440167.64,2019-10-01
834,42,6,Fixed Deposit,181826.59,2017-12-01
835,186,20,Recurring Deposit,369508.67,2021-06-12
836,252,14,Checking,224059.78,2022-03-22
837,243,5,Fixed Deposit,390505.02,2017-02-03
838,245,4,Savings,83318.0,2016-11-21
839,457,13,Fixed Deposit,396937.59,2019-05-05
840,385,17,Recurring Deposit,415058.98,2019-03-07
841,185,7,Checking,259895.5,2018-12-02
842,236,13,Fixed Deposit,92938.58,2022-06-27
843,171,6,Savings,124428.72,2020-09-08
844,218,15,Checking,232968.96,2016-09-20
845,299,2,Recurring Deposit,444681.81,2018-12-05
846,475,14,Savings,73539.75,2022-11-12
847,428,17,Savings,259257.67,2019-03-05
848,59,4,Savings,153250.21,2016-09-30
849,419,11,Recurring Deposit,465791.19,2021-04-06
850,471,7,Fixed Deposit,270705.7,2017-03-05
851,35,18,Fixed Deposit,70943.59,2017-03-04
852,392,20,Recurring Deposit,150005.2,2023-01-22
853,384,7,Fixed Deposit,69878.62,2017-12-19
854,10,2,Fixed Deposit,269956.33,2020-11-22
855,426,10,Recurring Deposit,386052.26,2016-07-23
856,455,4,Recurring Deposit,236042.66,2023-06-10
857,290,2,Savings,469842.14,2016-09-27
858,359,8,Recurring Deposit,426970.54,2018-11-06
859,231,12,Recurring Deposit,410898.73,2017-09-08
860,306,5,Savings,17832.61,2023-03-12
861,167,6,Recurring Deposit,78777.23,2020-12-20
862,325,6,Checking,451005.39,2016-10-04
863,15,16,Fixed Deposit,448080.22,2022-11-13
864,11,14,Fixed Deposit,154044.41,2018-12-04
865,345,12,Savings,451406.76,2019-10-25
866,189,16,Savings,192175.31,2022-03-09
867,222,11,Fixed Deposit,137880.88,2019-02-17
868,22,20,Checking,405355.58,2025-02-04
869,432,2,Recurring Deposit,120394.04,2022-03-25
870,148,4,Recurring Deposit,183768.4,2023-07-12
871,407,13,Recurring Deposit,131168.15,2021-02-11
872,388,8,Savings,227368.79,2020-08-24
873,44,2,Recurring Deposit,323808.66,2024-01-16
874,499,1,Savings,104032.84,2024-06-16
875,241,4,Checking,296233.17,2020-03-20
876,274,9,Fixed Deposit,479779.94,2020-04-26
877,364,8,Fixed Deposit,403967.38,2022-05-09
878,458,1,Fixed Deposit,271455.28,2020-05-23
879,93,6,Checking,26944.5,2018-07-24
880,407,15,Fixed Deposit,409567.66,2024-08-16
881,293,3,Recurring Deposit,320841.03,2023-09-11
882,334,13,Savings,389127.54,2015-05-19
883,107,20,Recurring Deposit,423043.37,2020-08-06
884,472,16,Recurring Deposit,306283.19,2019-08-28
885,470,16,Fixed Deposit,273708.24,2022-05-12
886,125,16,Savings,467318.87,2018-03-22
887,308,6,Recurring Deposit,204802.98,2020-01-26
888,498,6,Recurring Deposit,108080.47,2019-08-16
889,470,6,Recurring Deposit,10626.44,2023-05-28
890,479,6,Recurring Deposit,323480.63,2018-02-12
891,423,11,Savings,418014.08,2018-03-11
892,74,16,Recurring Deposit,433889.35,2017-04-02
893,116,18,Fixed Deposit,46014.19,2021-06-05
894,299,8,Checking,454542.16,2018-08-13
895,422,7,Fixed Deposit,280464.5,2017-02-23
896,328,16,Fixed Deposit,118699.57,2020-05-16
897,229,5,Checking,35950.95,2024-02-04
898,198,7,Recurring Deposit,420010.54,2023-06-13
899,361,20,Fixed Deposit,287299.61,2021-01-20
900,493,11,Recurring Deposit,201915.62,2018-01-13
901,6,17,Recurring Deposit,473264.31,2023-07-22
902,50,18,Recurring Deposit,491992.02,2016-05-24
903,41,3,Recurring Deposit,279260.95,2017-09-09
904,347,13,Checking,103556.56,2016-09-13
905,168,20,Recurring Deposit,306991.65,2020-07-02
906,336,1,Checking,229720.11,2023-02-21
907,447,3,Recurring Deposit,234079.08,2020-04-01
908,85,3,Checking,280376.98,2016-12-15
909,205,16,Savings,269559.87,2022-06-29
910,80,18,Recurring Deposit,426309.67,2022-10-14
911,161,1,Savings,294310.98,2016-12-31
912,315,6,Fixed Deposit,213513.87,2019-07-07
913,417,16,Checking,391957.74,2018-10-10
914,19,12,Checking,238902.62,2024-09-26
915,29,8,Savings,208276.01,2016-11-07
916,473,4,Fixed Deposit,71619.71,2020-04-19
917,27,14,Checking,231679.35,2021-08-10
918,346,3,Recurring Deposit,28885.64,2018-07-14
919,216,12,Recurring Deposit,453807.18,2016-02-09
920,328,19,Recurring Deposit,81778.72,2021-05-30
921,111,6,Fixed Deposit,279926.82,2016-02-02
922,459,16,Fixed Deposit,361155.17,2023-03-18
923,40,20,Savings,285214.33,2019-03-30
924,377,12,Checking,301905.56,2018-05-10
925,345,3,Checking,161357.11,2021-09-23
926,79,6,Fixed Deposit,86310.68,2023-01-03
927,271,15,Fixed Deposit,310671.02,2018-11-03
928,392,17,Checking,98023.88,2016-05-23
929,102,19,Savings,259747.69,2021-10-06
930,292,5,Checking,239286.94,2019-02-28
931,446,20,Checking,355816.61,2017-08-01
932,491,12,Checking,375866.68,2021-05-01
933,316,5,Recurring Deposit,67764.28,2018-02-12
934,67,14,Fixed Deposit,444075.41,2021-12-24
935,332,15,Checking,390244.59,2023-02-04
936,144,4,Checking,488536.19,2018-04-22
937,266,14,Recurring Deposit,387924.88,2017-02-01
938,90,11,Recurring Deposit,458958.25,2018-10-06
939,221,7,Fixed Deposit,127712.7,2020-06-24
940,146,20,Fixed Deposit,1404.61,2021-12-19
941,335,12,Recurring Deposit,261519.78,2022-11-17
942,400,11,Savings,112788.21,2019-01-28
943,472,6,Checking,430876.27,2021-03-05
944,79,13,Checking,64366.79,2022-08-04
945,143,14,Recurring Deposit,60065.68,2025-01-27
946,189,19,Recurring Deposit,7621.81,2022-04-29
947,340,1,Checking,158116.21,2020-09-02
948,133,4,Savings,113381.92,2024-09-13
949,210,18,Savings,466281.92,2017-11-27
950,136,4,Recurring Deposit,394986.69,2015-11-18
951,293,11,Checking,457534.01,2020-05-24
952,23,8,Checking,392957.11,2025-01-19
953,42,10,Recurring Deposit,182483.13,2018-10-04
954,456,16,Savings,277748.18,2021-01-26
955,48,17,Fixed Deposit,390393.32,2023-10-08
956,377,7,Fixed Deposit,331783.78,2022-09-16
957,257,19,Checking,388749.38,2018-07-07
958,296,5,Savings,255079.42,2015-05-09
959,164,9,Checking,348779.75,2021-01-04
960,410,2,Recurring Deposit,345085.0,2020-02-19
961,80,14,Recurring Deposit,222541.35,2020-09-17
962,419,9,Savings,31909.9,2019-01-27
963,188,17,Recurring Deposit,476911.17,2019-10-23
964,462,19,Savings,355357.22,2024-06-24
965,318,1,Checking,8322.91,2017-08-03
966,326,10,Checking,341392.9,2017-08-10
967,380,11,Checking,358670.65,2018-03-14
968,478,18,Savings,60113.77,2016-01-19
969,207,17,Fixed Deposit,360999.38,2018-12-22
970,83,3,Fixed Deposit,71049.37,2016-09-16
971,81,19,Savings,277144.91,2017-06-14
972,419,14,Savings,252001.0,2022-04-28
973,243,3,Recurring Deposit,452595.18,2023-11-26
974,458,5,Checking,212998.23,2020-08-02
975,487,15,Fixed Deposit,322474.11,2017-12-13
976,33,4,Checking,112998.88,2020-12-19
977,453,10,Savings,49667.3,2016-12-21
978,500,20,Savings,422148.76,2017-03-14
979,97,4,Recurring Deposit,170613.92,2016-01-17
980,359,9,Recurring Deposit,165875.48,2016-01-12
981,242,17,Fixed Deposit,197533.79,2015-09-20
982,137,4,Recurring Deposit,313220.39,2020-03-03
983,364,18,Savings,432084.85,2018-07-09
984,199,15,Recurring Deposit,497572.64,2023-08-14
985,232,1,Savings,42453.15,2022-08-09
986,220,12,Checking,288557.41,2020-03-27
987,203,11,Checking,331145.52,2024-03-16
988,218,3,Fixed Deposit,395230.36,2019-11-20
989,477,5,Fixed Deposit,51126.23,2019-08-03
990,489,2,Checking,189682.63,2022-07-15
991,17,12,Fixed Deposit,86428.72,2024-04-24
992,61,15,Savings,191349.54,2025-01-26
993,58,7,Recurring Deposit,145725.76,2024-03-11
994,175,7,Checking,360955.76,2019-02-20
995,258,14,Savings,425644.52,2020-09-11
996,413,13,Savings,6972.97,2022-01-19
997,199,11,Savings,384475.54,2015-10-11
998,145,6,Checking,302361.26,2019-01-27
999,249,17,Checking,242246.11,2023-08-30
1000,477,19,Fixed Deposit,315535.56,2017-08-19
