transaction_id,account_id,transaction_type,amount,date,employee_id
1,21,Transfer,7389.32,2024-11-15 11:17:35,39
2,5,Deposit,7818.16,2024-12-25 14:35:49,84
3,437,Deposit,15208.04,2025-01-29 12:38:07,63
4,130,Transfer,16452.44,2025-01-18 22:21:13,3
5,434,Deposit,4876.38,2024-02-10 00:38:07,53
6,203,Withdrawal,41402.99,2024-09-18 11:53:05,67
7,374,Deposit,18910.95,2025-03-06 15:34:47,29
8,332,Deposit,7018.01,2025-03-22 03:08:03,13
9,63,Transfer,44699.29,2025-03-16 11:48:03,79
10,137,Deposit,15739.9,2025-03-23 07:52:05,77
11,436,Deposit,48230.05,2024-05-18 04:12:13,74
12,239,Withdrawal,18631.3,2025-03-12 15:06:07,40
13,342,Withdrawal,43531.06,2025-03-06 18:17:26,30
14,29,Deposit,15848.81,2025-03-19 10:13:15,92
15,284,Transfer,29589.94,2024-05-20 07:23:29,19
16,70,Withdrawal,45770.11,2024-12-12 05:14:19,65
17,413,Transfer,25149.37,2025-01-07 15:32:13,38
18,457,Transfer,8328.52,2023-08-26 15:11:12,9
19,248,Withdrawal,33809.14,2024-01-19 04:12:15,98
20,10,Deposit,15029.22,2025-03-11 01:09:15,4
21,141,Transfer,16752.87,2024-10-15 05:30:02,5
22,392,Withdrawal,18187.26,2025-03-11 22:05:23,74
23,321,Transfer,4825.22,2024-04-30 15:57:44,70
24,433,Transfer,15363.43,2024-11-16 07:13:17,75
25,204,Withdrawal,15813.14,2024-12-11 21:31:55,10
26,127,Withdrawal,44934.09,2023-07-03 11:22:19,27
27,450,Deposit,33532.59,2024-02-20 23:28:59,52
28,339,Transfer,31187.3,2025-01-04 17:21:53,11
29,400,Transfer,34233.62,2025-03-22 19:37:15,84
30,58,Deposit,49228.38,2025-02-09 19:31:24,31
31,338,Withdrawal,9544.77,2025-01-11 04:40:49,57
32,107,Deposit,19872.96,2025-03-24 01:15:12,12
33,413,Transfer,30506.79,2025-01-27 13:28:04,1
34,405,Deposit,43899.53,2025-03-24 13:17:53,18
35,496,Deposit,4121.89,2025-03-22 08:12:49,40
36,256,Transfer,26377.12,2024-04-15 15:39:56,39
37,385,Deposit,36894.41,2025-03-21 09:31:34,63
38,241,Transfer,5624.18,2024-10-20 14:13:52,4
39,430,Withdrawal,31479.96,2024-05-09 14:23:59,47
40,39,Withdrawal,3728.86,2024-10-10 05:33:22,97
41,231,Withdrawal,22379.25,2024-09-10 00:48:00,46
42,215,Deposit,37609.92,2023-05-07 13:03:56,29
43,252,Withdrawal,29510.07,2024-12-07 12:14:33,52
44,137,Transfer,17219.89,2025-03-23 22:42:18,91
45,94,Deposit,1231.23,2024-12-12 08:34:43,97
46,397,Transfer,42231.14,2025-02-19 08:23:50,57
47,417,Deposit,39095.53,2025-03-11 08:25:07,30
48,115,Deposit,12694.78,2023-10-02 18:57:24,24
49,102,Withdrawal,28493.95,2025-02-09 17:07:54,44
50,25,Deposit,28550.76,2024-10-03 20:44:14,49
51,39,Transfer,9353.07,2024-06-28 04:08:12,73
52,404,Deposit,30042.82,2025-01-15 22:03:38,21
53,92,Transfer,5039.36,2024-12-30 17:13:13,35
54,288,Withdrawal,32157.49,2024-12-15 05:48:45,97
55,282,Transfer,48430.7,2023-11-29 06:33:31,66
56,408,Withdrawal,23951.26,2025-02-19 09:25:55,18
57,370,Withdrawal,13647.65,2024-08-17 05:38:39,96
58,14,Withdrawal,37034.84,2025-03-16 02:38:41,92
59,22,Withdrawal,47743.36,2025-01-08 20:44:18,87
60,327,Transfer,42759.58,2025-03-05 11:47:19,5
61,346,Transfer,16227.78,2024-12-16 08:25:18,72
62,143,Transfer,3099.6,2024-06-26 02:47:19,75
63,239,Deposit,48807.83,2025-02-09 22:57:11,40
64,284,Transfer,4170.6,2023-09-19 09:56:59,99
65,432,Deposit,4465.6,2024-08-08 21:08:36,93
66,323,Deposit,1330.74,2025-03-18 09:31:28,87
67,401,Transfer,36048.57,2024-11-24 05:48:31,22
68,127,Deposit,26266.62,2021-12-12 18:55:44,68
69,445,Deposit,25997.02,2023-10-11 14:22:52,65
70,404,Withdrawal,11782.56,2024-10-10 10:21:49,18
71,416,Withdrawal,25344.19,2025-03-22 06:54:43,9
72,303,Transfer,7594.47,2024-07-27 17:22:42,85
73,90,Withdrawal,28461.34,2024-11-20 23:38:28,78
74,75,Transfer,27256.03,2024-11-24 06:24:08,29
75,137,Deposit,27552.03,2025-03-23 09:50:21,10
76,467,Withdrawal,22485.0,2024-06-25 07:28:53,6
77,28,Transfer,29084.92,2024-10-25 19:49:43,54
78,80,Transfer,7052.99,2025-03-21 09:05:45,89
79,456,Transfer,8068.88,2025-03-11 16:56:41,70
80,364,Deposit,16616.35,2024-11-05 09:21:33,4
81,373,Deposit,27911.22,2023-05-27 17:21:42,59
82,212,Deposit,18645.0,2023-10-29 19:07:39,98
83,419,Deposit,35112.11,2023-12-15 07:03:59,41
84,488,Withdrawal,27489.91,2024-06-03 10:16:12,53
85,203,Transfer,537.07,2024-08-08 18:01:59,21
86,260,Transfer,9680.2,2024-06-05 18:56:51,12
87,410,Transfer,8714.58,2023-07-27 07:02:21,90
88,454,Deposit,7467.86,2025-02-15 05:51:19,92
89,205,Withdrawal,29551.61,2025-01-27 23:37:25,35
90,456,Deposit,46171.26,2025-03-23 12:24:14,35
91,491,Withdrawal,3809.38,2025-02-13 22:40:33,64
92,361,Deposit,11887.38,2025-02-02 10:38:17,9
93,77,Transfer,42403.38,2024-10-19 09:16:39,64
94,103,Withdrawal,27314.38,2024-12-27 19:41:55,90
95,393,Withdrawal,32202.99,2024-07-12 13:22:49,51
96,426,Withdrawal,14554.72,2024-05-21 01:10:02,78
97,384,Withdrawal,45852.67,2024-12-14 11:27:28,36
98,288,Deposit,45653.14,2025-01-17 14:55:53,95
99,299,Withdrawal,29103.47,2024-08-23 04:11:13,87
100,493,Withdrawal,40018.29,2025-01-30 10:28:45,52
101,265,Deposit,998.63,2024-08-30 12:25:39,50
102,152,Withdrawal,9096.27,2024-09-05 13:54:22,62
103,406,Withdrawal,8335.68,2024-10-02 23:40:35,4
104,420,Deposit,38205.22,2024-05-27 06:20:58,79
105,229,Withdrawal,25942.83,2023-08-29 14:00:04,43
106,196,Withdrawal,44747.08,2024-11-18 04:21:26,21
107,329,Deposit,35495.23,2025-01-26 00:47:19,89
108,325,Withdrawal,3491.97,2022-05-30 20:29:23,8
109,175,Withdrawal,26397.88,2024-05-17 22:53:51,63
110,210,Withdrawal,35193.92,2025-01-21 13:25:47,90
111,144,Transfer,41326.37,2025-01-11 23:15:36,35
112,11,Transfer,24463.58,2024-01-28 16:40:24,26
113,150,Withdrawal,48096.53,2024-05-20 08:40:32,96
114,354,Transfer,46972.41,2025-03-17 03:36:01,12
115,389,Deposit,26237.29,2025-01-16 04:38:05,59
116,417,Transfer,40837.56,2025-03-08 04:31:05,16
117,68,Deposit,10210.08,2025-03-24 11:56:51,2
118,116,Deposit,16611.4,2024-08-12 00:10:25,27
119,288,Deposit,38788.82,2024-10-24 05:39:44,17
120,39,Transfer,38853.52,2024-03-11 12:51:37,86
121,287,Transfer,41280.31,2024-09-07 22:17:39,84
122,264,Withdrawal,36629.61,2024-10-09 01:00:27,76
123,236,Transfer,46784.11,2024-07-22 03:02:07,14
124,412,Transfer,36605.26,2025-02-15 23:49:17,24
125,363,Withdrawal,15813.56,2025-03-15 00:44:44,60
126,77,Transfer,18283.16,2024-10-28 14:26:55,7
127,428,Transfer,37318.06,2024-09-24 13:19:38,4
128,204,Withdrawal,11559.69,2025-03-16 11:28:37,47
129,383,Deposit,18537.09,2023-12-29 06:35:55,90
130,165,Withdrawal,38875.42,2025-01-15 10:23:07,64
131,229,Deposit,36437.08,2023-11-04 02:13:16,81
132,252,Deposit,14693.96,2025-02-21 06:12:37,15
133,311,Withdrawal,13324.67,2024-10-14 12:04:51,82
134,376,Deposit,847.3,2024-02-10 05:16:29,14
135,222,Transfer,20144.6,2024-05-26 19:45:15,32
136,233,Withdrawal,28981.2,2024-04-16 09:56:13,42
137,127,Withdrawal,37235.7,2025-01-08 03:01:18,88
138,112,Deposit,15826.03,2024-09-23 14:29:26,79
139,464,Withdrawal,34683.98,2024-11-08 13:10:51,38
140,239,Transfer,1435.28,2025-01-31 10:41:20,73
141,113,Deposit,15688.49,2025-03-23 17:24:24,96
142,317,Withdrawal,2832.8,2021-07-30 08:24:46,98
143,444,Withdrawal,10740.79,2023-08-30 03:26:12,62
144,11,Withdrawal,39591.67,2024-12-05 08:13:08,86
145,239,Transfer,22372.31,2025-03-04 13:59:38,100
146,432,Withdrawal,15904.64,2024-09-28 21:14:29,12
147,26,Withdrawal,34183.77,2025-01-28 15:14:15,71
148,310,Transfer,29950.45,2022-08-14 16:41:34,57
149,294,Withdrawal,29847.59,2024-06-01 07:38:54,6
150,48,Deposit,6798.96,2025-02-11 11:54:50,55
151,262,Withdrawal,7106.6,2025-02-19 02:23:57,60
152,252,Deposit,43205.31,2025-03-13 22:54:26,66
153,414,Transfer,35337.45,2024-01-01 07:12:32,53
154,44,Withdrawal,38969.03,2024-11-24 13:11:43,28
155,10,Deposit,44855.04,2025-01-01 14:06:07,29
156,382,Withdrawal,40442.23,2025-03-09 22:06:03,55
157,377,Transfer,31956.6,2024-12-06 18:59:59,18
158,206,Deposit,24462.25,2025-03-11 08:33:39,7
159,338,Transfer,3410.63,2025-03-04 12:02:11,48
160,215,Withdrawal,11056.97,2023-06-03 14:08:00,28
161,179,Deposit,31222.14,2023-05-24 12:24:17,5
162,147,Withdrawal,15304.74,2024-04-25 09:41:57,94
163,455,Withdrawal,10941.67,2025-03-16 20:53:18,76
164,218,Transfer,43802.08,2021-08-19 00:04:58,18
165,410,Transfer,15896.6,2024-06-15 15:41:52,18
166,44,Withdrawal,39874.18,2025-03-11 04:13:27,65
167,342,Transfer,43538.8,2025-03-09 22:11:00,51
168,67,Withdrawal,1730.3,2024-12-13 01:49:11,63
169,72,Withdrawal,45020.08,2025-03-15 10:38:22,8
170,26,Withdrawal,35076.8,2025-03-12 07:55:05,88
171,165,Transfer,45643.73,2025-02-26 04:35:26,68
172,450,Deposit,30087.56,2023-11-23 05:47:54,78
173,420,Transfer,48510.87,2023-05-11 18:15:16,36
174,305,Transfer,15028.4,2024-12-28 08:17:44,42
175,46,Withdrawal,5407.6,2025-03-17 08:01:12,3
176,18,Withdrawal,4609.55,2023-01-14 10:46:40,64
177,282,Transfer,37111.61,2024-12-31 06:48:04,65
178,185,Transfer,9528.41,2025-03-15 10:39:38,7
179,428,Deposit,22697.53,2022-09-06 06:56:21,75
180,387,Withdrawal,32218.56,2025-02-03 23:28:00,41
181,108,Withdrawal,35430.29,2025-03-16 22:43:12,63
182,259,Deposit,48375.0,2025-01-06 02:25:28,3
183,78,Deposit,11675.73,2023-10-25 03:42:35,59
184,478,Deposit,22104.93,2025-03-21 09:29:23,10
185,368,Transfer,16967.16,2025-02-09 05:59:04,73
186,316,Transfer,49261.95,2023-11-11 19:37:39,75
187,227,Deposit,16850.17,2025-02-21 03:31:38,47
188,347,Transfer,13089.3,2025-03-16 02:40:05,19
189,224,Deposit,18329.97,2025-03-08 21:10:38,89
190,494,Deposit,44571.32,2023-10-19 00:54:01,8
191,260,Withdrawal,42223.66,2025-01-22 16:13:27,56
192,205,Deposit,11815.53,2024-04-29 23:34:08,28
193,39,Withdrawal,33244.18,2024-07-19 10:04:51,6
194,201,Deposit,31135.47,2025-03-10 14:44:19,77
195,249,Deposit,48885.95,2024-11-27 17:24:57,50
196,197,Withdrawal,14414.81,2025-03-08 08:42:50,26
197,86,Deposit,39079.74,2024-10-04 01:03:52,76
198,170,Withdrawal,49186.49,2025-01-25 05:49:52,15
199,54,Withdrawal,4904.94,2024-12-08 19:00:26,56
200,77,Deposit,10523.68,2023-05-31 20:43:12,23
201,50,Deposit,13779.4,2025-03-12 05:55:50,46
202,408,Deposit,5659.37,2024-11-27 12:25:05,87
203,74,Deposit,36524.17,2025-03-23 16:04:50,59
204,289,Deposit,41784.12,2024-12-08 21:24:14,53
205,323,Deposit,49751.05,2025-03-19 13:26:49,28
206,143,Deposit,40866.83,2024-11-03 01:14:54,74
207,214,Deposit,40456.12,2025-02-21 05:14:24,51
208,230,Withdrawal,44507.9,2023-12-25 17:32:20,27
209,256,Deposit,22034.82,2024-08-04 01:58:59,55
210,455,Transfer,44431.23,2025-03-11 14:30:27,52
211,293,Transfer,40285.02,2025-03-19 07:09:08,27
212,331,Transfer,3939.12,2022-05-19 00:18:54,91
213,466,Deposit,39058.57,2025-03-13 23:51:49,27
214,398,Withdrawal,18830.08,2025-03-12 14:19:36,11
215,354,Transfer,47506.11,2025-03-15 18:00:22,19
216,67,Deposit,6661.68,2023-09-17 16:31:10,7
217,210,Transfer,41437.41,2025-02-26 05:12:07,58
218,386,Deposit,18236.37,2024-12-13 23:23:54,27
219,427,Deposit,15586.35,2025-02-16 22:34:50,83
220,25,Deposit,25027.08,2025-01-25 11:41:11,46
221,433,Deposit,1553.49,2025-01-10 10:22:45,67
222,198,Withdrawal,21199.59,2024-09-30 04:32:55,82
223,82,Transfer,1129.36,2025-01-14 13:15:50,60
224,354,Transfer,23948.6,2025-03-21 07:05:51,59
225,168,Transfer,18719.14,2024-10-28 13:33:20,73
226,171,Transfer,18264.33,2025-02-23 07:50:19,67
227,40,Transfer,15684.0,2024-01-06 23:27:22,51
228,273,Deposit,44373.51,2025-03-19 04:59:10,21
229,4,Transfer,4421.87,2024-05-11 08:30:42,100
230,173,Deposit,44294.19,2024-12-03 19:21:42,85
231,429,Withdrawal,26209.98,2024-12-02 04:23:23,100
232,115,Transfer,42939.32,2023-12-21 15:12:33,53
233,198,Transfer,38372.61,2024-12-27 16:14:20,84
234,11,Withdrawal,22884.98,2024-05-03 08:59:24,39
235,256,Transfer,23617.94,2024-09-06 13:28:34,15
236,328,Withdrawal,43102.61,2024-12-26 02:54:11,9
237,43,Transfer,2848.74,2025-01-05 03:01:11,9
238,367,Withdrawal,8837.08,2023-11-11 08:45:53,7
239,1,Withdrawal,42441.27,2023-11-01 17:35:53,55
240,379,Withdrawal,38760.65,2023-06-05 04:01:04,20
241,211,Transfer,3016.28,2022-11-06 06:16:36,11
242,461,Transfer,8068.58,2024-03-12 08:33:16,45
243,146,Transfer,20783.11,2025-01-11 05:50:19,71
244,153,Deposit,3829.36,2024-11-10 03:16:53,47
245,459,Transfer,15904.73,2024-08-20 15:53:54,97
246,88,Deposit,39271.23,2024-10-06 13:53:56,73
247,174,Deposit,13971.26,2025-02-13 05:19:07,23
248,165,Deposit,19923.69,2025-01-13 10:54:29,85
249,241,Transfer,2294.49,2024-05-13 18:03:07,9
250,354,Deposit,35144.46,2025-03-24 01:53:07,70
251,308,Transfer,13773.52,2021-10-06 13:35:09,31
252,340,Transfer,25305.96,2025-03-20 21:51:39,15
253,160,Transfer,27411.36,2024-10-27 16:25:16,46
254,69,Withdrawal,23666.84,2022-06-06 09:14:14,58
255,223,Deposit,1420.0,2025-03-10 05:48:42,3
256,382,Withdrawal,13472.55,2024-12-05 16:16:32,19
257,113,Deposit,25859.28,2025-03-22 08:47:55,84
258,388,Deposit,23935.73,2023-06-02 16:46:10,82
259,374,Withdrawal,1212.77,2025-03-13 13:03:18,14
260,371,Withdrawal,15647.03,2024-03-06 08:12:20,4
261,145,Withdrawal,21238.53,2025-03-05 08:59:56,97
262,473,Transfer,33727.57,2025-03-17 02:46:38,44
263,267,Deposit,7804.83,2025-02-28 13:19:41,95
264,399,Deposit,15999.09,2025-01-28 05:46:53,100
265,444,Deposit,48031.76,2023-08-31 02:18:19,91
266,332,Deposit,5666.89,2025-03-19 03:50:59,100
267,35,Withdrawal,43251.99,2025-02-21 20:02:58,52
268,345,Transfer,6251.88,2024-12-09 09:54:07,12
269,40,Withdrawal,44602.46,2024-10-31 13:03:12,81
270,202,Transfer,42484.47,2024-11-10 18:19:17,32
271,429,Transfer,49641.28,2025-02-06 08:21:36,53
272,436,Transfer,13903.23,2023-01-02 08:04:08,81
273,391,Deposit,20281.71,2025-03-23 10:58:48,21
274,495,Deposit,1025.08,2024-11-27 17:21:59,63
275,357,Withdrawal,33508.91,2023-12-13 11:37:19,75
276,500,Withdrawal,5632.23,2025-03-18 01:55:03,28
277,123,Deposit,47304.95,2023-02-09 16:24:32,8
278,94,Deposit,29367.3,2024-07-12 18:35:53,23
279,212,Withdrawal,42458.84,2025-03-13 14:13:46,50
280,193,Transfer,14720.4,2025-02-18 01:20:56,94
281,314,Deposit,41645.49,2025-02-27 01:45:58,1
282,78,Withdrawal,39944.61,2024-10-31 17:02:53,53
283,170,Transfer,39401.23,2024-12-31 09:12:21,15
284,453,Transfer,3708.23,2024-01-27 04:33:18,51
285,279,Deposit,13167.65,2025-02-01 11:53:34,36
286,144,Withdrawal,20235.73,2025-03-16 08:37:03,81
287,430,Withdrawal,39325.57,2024-08-09 05:16:10,90
288,182,Transfer,6618.51,2024-10-18 11:36:53,89
289,236,Transfer,23137.32,2024-07-15 12:25:29,31
290,188,Transfer,48772.91,2025-03-16 22:19:42,100
291,117,Transfer,13263.26,2024-11-02 09:20:20,52
292,262,Withdrawal,9291.72,2025-02-26 16:50:51,1
293,133,Transfer,15838.42,2024-12-21 02:14:28,44
294,248,Deposit,12039.82,2024-07-07 23:13:24,9
295,317,Transfer,27874.06,2022-06-18 11:17:37,24
296,435,Transfer,11928.6,2025-01-01 16:39:51,85
297,29,Withdrawal,10418.0,2025-03-09 02:04:54,90
298,409,Deposit,5530.76,2025-03-22 04:50:43,94
299,2,Deposit,29945.32,2024-07-27 19:05:44,53
300,240,Withdrawal,14396.64,2022-08-21 17:08:40,61
301,436,Deposit,5812.9,2024-06-30 12:39:18,10
302,18,Transfer,43379.72,2023-07-29 21:18:19,23
303,303,Withdrawal,12385.08,2024-08-04 11:42:35,79
304,268,Transfer,11397.26,2025-02-22 13:29:54,84
305,320,Deposit,8769.85,2022-11-08 07:57:38,65
306,363,Transfer,593.87,2025-03-20 03:44:42,23
307,251,Withdrawal,10698.81,2024-01-25 13:01:48,5
308,162,Withdrawal,12179.48,2024-12-13 20:12:16,16
309,252,Withdrawal,598.64,2025-03-12 01:05:49,25
310,180,Deposit,10051.95,2024-10-12 23:10:26,44
311,157,Deposit,7052.94,2024-06-10 08:01:21,98
312,393,Deposit,13226.08,2024-07-21 18:12:27,37
313,57,Deposit,19239.36,2024-12-30 00:38:08,39
314,417,Deposit,30787.65,2025-03-01 11:27:37,35
315,425,Deposit,24995.3,2024-12-22 16:16:52,27
316,413,Deposit,28370.39,2024-10-16 11:55:55,2
317,246,Deposit,15212.66,2022-12-26 04:07:09,35
318,258,Deposit,3973.55,2025-03-12 23:51:10,35
319,188,Withdrawal,3927.01,2025-03-14 13:00:09,78
320,278,Deposit,42458.2,2025-03-15 16:49:32,21
321,312,Transfer,45659.07,2025-03-21 05:10:52,71
322,59,Deposit,9466.66,2024-10-14 06:01:21,11
323,114,Deposit,4448.99,2023-06-07 10:10:16,31
324,333,Transfer,42547.61,2024-12-08 14:24:34,1
325,188,Deposit,22402.85,2025-03-20 05:22:17,59
326,477,Withdrawal,12035.46,2025-02-14 15:19:18,50
327,340,Withdrawal,35607.07,2025-03-22 09:13:34,65
328,491,Withdrawal,9371.62,2025-02-28 18:46:45,69
329,188,Transfer,14184.76,2025-03-11 03:37:00,54
330,45,Transfer,20476.11,2023-09-13 21:09:30,41
331,58,Transfer,27555.4,2025-01-12 03:47:55,61
332,31,Withdrawal,36021.73,2024-05-22 08:32:01,50
333,67,Deposit,48028.81,2023-03-19 03:54:21,25
334,246,Deposit,29579.05,2024-10-28 18:28:02,75
335,439,Transfer,2916.97,2025-01-17 22:22:17,20
336,470,Deposit,34021.08,2025-03-18 04:44:57,2
337,276,Deposit,9614.41,2025-03-09 04:55:26,19
338,173,Deposit,37357.33,2024-12-12 23:47:45,55
339,124,Withdrawal,26879.57,2024-01-12 01:28:31,5
340,247,Transfer,46901.25,2024-04-11 02:30:43,17
341,189,Deposit,39570.93,2024-12-09 14:21:19,43
342,282,Transfer,48546.99,2022-11-16 15:52:44,29
343,402,Withdrawal,14183.44,2025-02-22 19:03:10,86
344,471,Deposit,28365.92,2025-01-12 17:26:51,34
345,204,Withdrawal,20742.38,2025-03-04 19:16:02,100
346,124,Withdrawal,40105.61,2025-03-09 03:02:52,40
347,410,Deposit,29059.5,2024-01-25 11:25:02,40
348,273,Transfer,1264.56,2024-10-08 01:33:19,37
349,383,Withdrawal,26245.75,2022-07-02 08:10:06,22
350,426,Deposit,28458.87,2022-08-29 17:56:43,42
351,486,Deposit,3022.79,2025-03-05 11:13:56,44
352,176,Withdrawal,4874.5,2024-11-06 19:30:01,92
353,46,Transfer,19754.37,2025-03-11 12:09:36,69
354,143,Deposit,11103.05,2024-05-21 02:59:02,95
355,380,Withdrawal,20917.15,2025-02-14 04:20:56,11
356,279,Withdrawal,21870.51,2025-01-15 20:08:11,59
357,465,Transfer,5635.94,2025-03-20 07:05:43,20
358,324,Transfer,1318.64,2024-07-19 01:21:05,40
359,283,Transfer,32886.58,2022-01-24 04:43:02,98
360,156,Transfer,31605.93,2024-08-18 15:02:17,7
361,416,Deposit,11694.2,2025-03-23 06:37:33,53
362,344,Withdrawal,3181.55,2024-11-17 19:43:21,3
363,440,Deposit,27293.11,2024-06-20 21:53:21,8
364,472,Withdrawal,24531.02,2024-07-31 08:20:52,98
365,288,Transfer,24589.55,2024-10-09 11:05:41,85
366,129,Transfer,14275.45,2025-03-19 01:55:37,28
367,177,Transfer,15847.23,2023-11-01 23:41:55,32
368,328,Withdrawal,45719.13,2024-10-02 02:09:14,78
369,424,Deposit,24946.09,2023-08-11 06:02:11,50
370,91,Transfer,23484.58,2024-07-08 18:51:42,51
371,304,Deposit,49728.17,2025-03-17 13:21:05,16
372,388,Transfer,21318.5,2024-02-19 04:15:44,52
373,34,Transfer,33380.62,2025-01-29 04:49:27,33
374,482,Transfer,20717.93,2024-06-24 12:52:00,17
375,148,Transfer,5093.21,2025-01-15 13:52:18,71
376,171,Transfer,22474.68,2025-03-11 19:22:08,65
377,66,Withdrawal,42958.6,2023-12-02 19:12:32,14
378,238,Withdrawal,10987.78,2024-04-30 07:32:09,14
379,113,Transfer,28660.37,2025-03-18 21:39:18,13
380,81,Deposit,38461.79,2024-07-27 12:23:25,75
381,467,Transfer,10702.94,2024-06-29 04:42:42,82
382,185,Withdrawal,43569.9,2025-03-21 19:59:01,64
383,6,Transfer,18127.54,2025-03-16 13:34:04,97
384,265,Transfer,11164.29,2025-03-10 16:44:39,66
385,500,Deposit,1049.79,2025-03-06 06:12:03,85
386,225,Withdrawal,23144.96,2024-02-07 09:48:12,19
387,296,Withdrawal,3426.71,2025-03-19 04:33:26,6
388,289,Deposit,39556.68,2024-11-12 11:57:00,97
389,114,Transfer,46637.2,2024-10-16 18:27:26,94
390,3,Transfer,7638.98,2024-02-27 04:11:55,15
391,340,Transfer,25356.76,2025-03-17 08:26:50,37
392,82,Withdrawal,3571.47,2024-12-18 07:01:37,26
393,186,Withdrawal,40052.09,2025-01-19 14:04:25,70
394,10,Withdrawal,10673.17,2025-02-19 10:51:30,33
395,85,Transfer,5797.37,2023-04-14 14:49:52,46
396,334,Transfer,45801.65,2023-11-04 13:33:59,67
397,472,Deposit,26283.96,2024-05-01 14:33:39,16
398,431,Deposit,26706.29,2025-02-14 05:03:49,78
399,330,Transfer,6839.7,2025-01-25 18:46:18,83
400,33,Withdrawal,31606.74,2024-10-30 18:41:55,12
401,119,Deposit,25300.99,2024-06-25 14:01:30,38
402,455,Transfer,48765.61,2025-03-22 03:12:26,41
403,47,Deposit,32017.28,2023-06-01 10:21:59,11
404,366,Deposit,8246.7,2024-09-03 22:56:39,2
405,330,Transfer,26200.45,2025-01-11 11:43:03,43
406,153,Withdrawal,38699.92,2024-12-22 16:09:20,65
407,401,Deposit,10938.84,2024-10-17 15:22:28,80
408,162,Deposit,15230.32,2025-03-04 17:55:32,95
409,209,Deposit,39073.06,2024-03-15 23:39:30,53
410,81,Withdrawal,20425.67,2024-05-30 20:10:47,88
411,254,Deposit,42275.75,2023-09-17 07:43:42,65
412,427,Transfer,19868.52,2024-07-31 20:17:05,17
413,374,Deposit,30822.6,2025-03-05 22:22:00,65
414,295,Deposit,21791.87,2022-12-16 13:57:37,53
415,223,Transfer,21883.34,2025-03-03 16:13:21,61
416,340,Withdrawal,27638.78,2025-03-23 00:15:15,68
417,462,Deposit,9435.48,2024-05-15 00:12:14,31
418,480,Transfer,35943.72,2025-01-15 07:51:59,81
419,221,Deposit,39425.65,2024-12-01 19:22:55,52
420,200,Transfer,19967.81,2025-03-05 16:37:48,92
421,421,Withdrawal,24785.08,2025-03-09 22:21:16,71
422,171,Withdrawal,7462.1,2025-01-07 20:34:58,39
423,195,Deposit,8658.62,2024-08-20 14:40:06,5
424,89,Withdrawal,40345.79,2024-12-18 21:38:03,42
425,241,Transfer,29718.92,2024-05-06 18:07:38,100
426,80,Deposit,45454.45,2025-03-22 06:05:04,51
427,311,Deposit,24376.96,2025-03-24 11:13:45,24
428,195,Withdrawal,12453.36,2024-05-31 11:15:31,5
429,128,Deposit,15470.64,2021-10-21 22:30:47,98
430,228,Withdrawal,31462.53,2024-07-08 12:39:24,47
431,285,Transfer,36983.21,2025-03-17 07:45:44,41
432,127,Transfer,11540.37,2023-09-07 22:08:38,33
433,90,Transfer,33214.3,2025-02-06 06:59:27,100
434,81,Transfer,27524.97,2024-09-22 11:38:19,98
435,118,Deposit,27993.89,2025-03-07 22:11:57,64
436,1,Transfer,26695.27,2025-01-13 02:32:33,79
437,357,Deposit,41602.08,2025-01-31 04:30:13,74
438,416,Transfer,33047.96,2025-03-17 14:33:51,99
439,254,Withdrawal,43428.89,2022-02-14 15:53:45,85
440,293,Withdrawal,32313.29,2025-03-09 00:40:47,98
441,108,Transfer,17912.58,2025-03-18 18:59:13,66
442,127,Transfer,4526.73,2022-06-23 02:52:36,17
443,434,Deposit,2849.74,2025-01-05 04:09:27,45
444,168,Deposit,10565.51,2023-09-19 03:59:54,85
445,292,Transfer,13289.44,2024-11-17 19:54:41,64
446,270,Transfer,8143.14,2025-03-14 12:27:38,97
447,192,Transfer,38739.88,2025-03-21 03:03:40,22
448,239,Transfer,29810.22,2025-03-06 10:54:24,48
449,422,Transfer,20851.24,2025-02-19 07:30:55,15
450,45,Deposit,9218.16,2023-09-03 22:28:45,58
451,333,Transfer,5479.54,2024-10-28 09:44:07,28
452,324,Transfer,22874.58,2024-04-10 11:47:24,36
453,253,Withdrawal,8654.35,2025-01-15 08:17:41,61
454,251,Deposit,26046.99,2024-03-29 08:42:48,49
455,461,Deposit,46711.52,2025-03-17 19:10:24,33
456,440,Deposit,43061.44,2024-05-30 08:06:03,31
457,498,Withdrawal,43869.79,2024-12-16 07:12:03,7
458,449,Withdrawal,10023.73,2025-01-26 13:35:50,26
459,270,Withdrawal,36652.9,2025-03-16 05:33:06,40
460,368,Deposit,20594.62,2025-01-26 04:34:06,12
461,257,Deposit,16760.07,2024-10-27 03:53:30,82
462,412,Withdrawal,20555.15,2024-06-10 22:13:32,24
463,75,Deposit,5401.14,2023-06-16 22:26:48,60
464,425,Transfer,48941.34,2024-12-11 00:15:49,77
465,91,Withdrawal,20965.19,2024-08-24 04:27:22,37
466,472,Withdrawal,15064.22,2024-01-22 16:57:42,42
467,82,Transfer,29967.25,2025-03-15 08:50:15,28
468,245,Transfer,546.52,2025-03-16 21:19:44,60
469,214,Withdrawal,17171.45,2025-03-01 12:08:50,100
470,295,Transfer,2973.32,2022-07-05 22:35:12,90
471,195,Transfer,39496.19,2024-12-15 15:55:51,73
472,260,Withdrawal,14882.34,2024-12-16 10:24:52,72
473,371,Withdrawal,41634.74,2023-10-22 07:05:03,2
474,304,Deposit,43602.82,2025-02-17 07:41:58,25
475,220,Transfer,31143.34,2025-02-14 06:38:31,52
476,368,Transfer,703.24,2024-10-05 12:12:19,8
477,421,Withdrawal,30151.55,2025-03-09 19:26:11,68
478,376,Deposit,39581.17,2023-01-31 01:34:47,31
479,465,Withdrawal,35197.51,2025-02-06 14:54:22,25
480,334,Transfer,2996.59,2024-07-22 20:46:15,2
481,263,Withdrawal,40264.47,2025-01-24 03:11:29,67
482,430,Withdrawal,30342.71,2025-02-08 12:22:58,67
483,350,Transfer,22618.76,2024-10-26 14:32:31,30
484,259,Deposit,22485.56,2025-03-15 10:45:18,91
485,8,Transfer,21874.37,2025-03-19 13:15:49,88
486,408,Transfer,13157.24,2025-01-30 21:46:13,95
487,232,Transfer,5984.8,2025-03-06 00:55:15,5
488,242,Deposit,18985.0,2024-10-16 06:51:20,34
489,402,Deposit,35847.0,2024-12-21 01:45:22,95
490,356,Transfer,17290.96,2025-03-11 11:46:49,88
491,395,Withdrawal,19381.44,2025-03-18 13:05:39,63
492,179,Transfer,32422.33,2024-02-17 09:02:33,9
493,272,Deposit,27116.86,2024-09-04 10:35:27,21
494,77,Withdrawal,36363.83,2024-02-26 20:57:43,99
495,152,Withdrawal,1302.88,2025-03-09 20:18:45,54
496,235,Withdrawal,17599.47,2025-03-14 10:29:08,12
497,309,Withdrawal,20239.71,2024-02-11 11:34:34,99
498,159,Withdrawal,2477.07,2025-02-15 12:42:28,63
499,139,Withdrawal,44804.0,2024-01-18 13:41:22,8
500,11,Transfer,31037.43,2023-11-24 02:23:09,95
501,4,Withdrawal,49339.22,2024-10-10 16:34:37,90
502,417,Transfer,26647.87,2025-03-22 06:36:57,16
503,148,Deposit,23426.05,2025-01-14 19:59:37,78
504,154,Deposit,30943.72,2025-03-22 01:55:34,87
505,357,Withdrawal,44620.21,2025-02-10 18:45:42,24
506,340,Transfer,35189.69,2025-03-19 11:14:01,20
507,463,Transfer,32615.5,2025-01-23 12:04:41,63
508,280,Deposit,35339.65,2025-02-26 13:12:35,30
509,375,Withdrawal,8783.19,2025-03-04 07:30:03,73
510,423,Withdrawal,30511.14,2023-02-15 02:44:41,57
511,500,Transfer,7739.25,2025-03-24 08:47:49,95
512,318,Withdrawal,16072.51,2024-10-22 19:40:15,88
513,27,Withdrawal,23059.57,2023-09-15 22:24:43,74
514,425,Withdrawal,14753.56,2024-08-20 07:31:11,58
515,183,Withdrawal,18588.07,2024-10-01 01:50:43,52
516,430,Deposit,46843.7,2025-01-07 04:52:08,76
517,154,Deposit,21492.15,2024-12-12 04:04:09,37
518,414,Transfer,34828.46,2023-03-24 00:54:21,47
519,160,Deposit,29195.78,2025-02-09 02:55:15,53
520,332,Transfer,37315.73,2025-03-19 11:18:35,56
521,241,Withdrawal,36372.48,2024-02-25 06:19:59,65
522,449,Transfer,16114.66,2025-02-01 09:01:49,39
523,59,Transfer,3699.11,2024-12-06 00:12:16,33
524,227,Transfer,40538.07,2025-02-08 13:13:34,61
525,249,Deposit,10854.37,2024-11-21 02:40:38,29
526,173,Deposit,1084.01,2024-09-17 22:42:51,86
527,481,Withdrawal,6213.91,2024-12-18 15:35:31,70
528,245,Deposit,23261.43,2025-03-20 14:18:41,53
529,44,Transfer,27503.0,2024-06-08 02:21:01,84
530,386,Withdrawal,5277.03,2024-05-31 04:47:59,14
531,158,Withdrawal,22331.22,2024-10-12 07:08:15,4
532,455,Deposit,30721.14,2025-03-21 00:28:25,3
533,145,Transfer,45994.27,2025-03-19 03:28:07,82
534,276,Deposit,42690.47,2025-03-18 12:07:26,81
535,373,Transfer,5180.48,2022-01-12 09:40:15,73
536,56,Deposit,42757.98,2024-06-21 21:05:39,50
537,497,Transfer,18521.01,2025-01-22 17:50:48,99
538,176,Transfer,29500.51,2025-02-28 15:20:49,43
539,258,Transfer,47151.89,2025-02-23 22:25:50,4
540,231,Withdrawal,47112.62,2024-04-12 16:31:57,87
541,107,Withdrawal,40432.57,2025-03-24 02:36:51,9
542,343,Transfer,44071.69,2025-02-19 00:38:20,94
543,17,Transfer,49206.86,2024-01-29 17:59:45,40
544,203,Deposit,36819.95,2024-07-10 17:47:54,8
545,225,Withdrawal,37916.54,2023-10-08 04:45:47,79
546,131,Deposit,4514.87,2025-02-08 19:43:32,47
547,141,Transfer,28898.32,2025-01-06 07:04:37,72
548,168,Deposit,37765.78,2024-08-11 16:04:25,2
549,167,Transfer,35063.99,2024-02-08 12:05:07,85
550,453,Withdrawal,41556.95,2024-11-11 11:16:07,84
551,99,Withdrawal,21862.06,2023-07-07 14:48:42,65
552,237,Withdrawal,36576.6,2025-03-05 10:43:48,77
553,458,Withdrawal,24162.64,2024-07-23 02:29:56,91
554,94,Withdrawal,8922.65,2024-08-12 21:35:29,40
555,86,Transfer,25867.59,2024-10-05 09:59:38,39
556,391,Withdrawal,42638.59,2025-02-23 05:13:09,32
557,172,Withdrawal,14379.26,2024-12-26 19:17:12,29
558,259,Withdrawal,45134.54,2024-12-04 13:10:07,8
559,103,Transfer,26083.79,2025-02-05 00:34:38,11
560,59,Withdrawal,4426.81,2024-12-02 13:07:39,89
561,132,Transfer,47020.21,2024-08-23 23:22:38,25
562,130,Transfer,7996.52,2025-02-24 20:25:34,37
563,230,Deposit,39977.11,2024-12-09 18:19:03,43
564,151,Transfer,27203.45,2023-02-09 23:04:59,37
565,364,Transfer,9504.1,2025-02-13 23:17:44,70
566,423,Transfer,35594.88,2024-07-07 01:02:33,74
567,346,Withdrawal,46551.54,2025-01-15 03:22:50,47
568,405,Withdrawal,1304.63,2025-02-17 14:25:37,49
569,42,Deposit,29235.06,2024-03-01 12:44:12,89
570,152,Deposit,46200.64,2024-02-22 19:17:57,39
571,459,Deposit,17979.75,2025-02-07 14:01:23,19
572,45,Withdrawal,33340.78,2023-05-18 07:50:17,17
573,281,Transfer,11681.86,2023-10-18 19:09:45,4
574,26,Transfer,35841.68,2024-08-25 12:37:21,72
575,328,Deposit,41051.99,2024-10-20 03:41:05,31
576,436,Withdrawal,11338.94,2024-10-09 00:12:37,2
577,322,Transfer,12213.62,2025-03-14 09:15:43,59
578,209,Withdrawal,38649.42,2025-01-21 02:06:09,54
579,366,Deposit,22055.52,2024-08-06 00:20:34,61
580,209,Transfer,23803.27,2024-07-25 10:00:34,12
581,389,Transfer,16097.59,2025-03-19 13:31:06,95
582,41,Transfer,19502.02,2024-03-10 13:53:26,8
583,161,Deposit,24837.5,2024-07-14 07:11:42,54
584,17,Deposit,21322.88,2023-11-18 06:27:01,4
585,396,Withdrawal,9332.54,2024-04-17 20:11:07,55
586,267,Deposit,24486.31,2025-02-28 07:08:41,25
587,153,Withdrawal,7091.92,2024-07-17 16:32:01,12
588,29,Transfer,16679.49,2025-03-16 17:21:53,9
589,313,Withdrawal,12860.82,2025-01-09 15:26:50,29
590,351,Withdrawal,39532.45,2025-02-26 18:53:25,87
591,178,Deposit,34305.64,2024-01-25 01:01:50,86
592,112,Deposit,6626.29,2023-12-20 08:19:57,60
593,109,Deposit,24710.06,2024-07-15 01:26:47,52
594,242,Deposit,41061.22,2024-05-14 18:25:03,19
595,402,Deposit,40767.93,2024-12-01 11:31:44,74
596,199,Withdrawal,47351.09,2022-06-20 04:22:30,3
597,289,Deposit,36160.89,2024-10-18 20:08:14,32
598,264,Deposit,45644.07,2024-03-13 08:25:55,1
599,264,Deposit,18337.71,2024-11-23 17:37:10,40
600,471,Withdrawal,4314.95,2023-11-03 14:32:43,80
601,120,Withdrawal,8389.11,2024-12-01 16:03:16,86
602,22,Withdrawal,1372.39,2024-05-26 23:19:37,8
603,43,Transfer,3363.58,2024-10-30 17:33:30,54
604,22,Transfer,19878.17,2025-01-17 15:32:42,6
605,215,Deposit,3861.15,2024-01-12 06:18:49,79
606,187,Transfer,49970.7,2024-12-28 08:55:55,89
607,457,Transfer,19126.49,2024-02-01 01:11:08,78
608,126,Deposit,22302.73,2024-09-04 08:40:12,73
609,233,Transfer,22858.47,2024-03-20 08:30:31,54
610,178,Transfer,28258.37,2024-10-07 06:58:29,24
611,150,Transfer,15480.55,2024-01-06 22:43:09,28
612,366,Deposit,38912.46,2024-11-21 11:42:54,13
613,355,Withdrawal,19134.58,2022-06-10 12:03:09,83
614,196,Deposit,13203.49,2024-11-27 01:57:42,73
615,366,Withdrawal,3062.94,2025-01-21 05:03:07,46
616,20,Withdrawal,43721.14,2024-08-03 01:36:07,7
617,301,Transfer,17988.26,2022-05-07 21:48:51,25
618,247,Deposit,20384.71,2022-10-23 18:56:24,36
619,390,Withdrawal,28815.62,2024-10-14 19:39:20,16
620,45,Withdrawal,24386.46,2023-10-23 11:56:32,90
621,301,Deposit,20273.91,2024-06-14 05:37:17,12
622,173,Withdrawal,49792.93,2025-03-10 05:49:51,30
623,431,Withdrawal,27112.71,2025-02-20 21:17:24,37
624,133,Deposit,28570.96,2025-02-15 23:37:23,76
625,276,Deposit,3187.77,2025-03-16 01:27:32,18
626,173,Transfer,41252.2,2024-11-16 22:16:24,96
627,270,Transfer,11505.28,2025-03-24 10:25:25,98
628,187,Transfer,36111.41,2025-03-02 17:01:52,83
629,1,Transfer,39200.4,2025-01-24 16:02:13,66
630,136,Deposit,16527.88,2024-05-01 17:44:19,72
631,91,Deposit,30367.22,2025-02-26 09:34:46,52
632,73,Transfer,45893.79,2025-03-15 18:55:22,22
633,495,Withdrawal,29427.41,2024-05-15 17:41:53,31
634,128,Deposit,34664.25,2023-10-08 16:15:30,20
635,34,Withdrawal,23109.25,2024-07-14 17:49:40,4
636,179,Transfer,33487.57,2023-12-27 17:04:09,2
637,297,Deposit,21515.39,2025-03-21 01:08:34,75
638,78,Withdrawal,35935.34,2024-07-30 21:59:05,73
639,89,Transfer,27240.05,2025-01-14 21:10:04,70
640,359,Transfer,44208.8,2025-01-24 19:51:47,2
641,495,Withdrawal,35208.88,2024-09-02 14:08:44,30
642,101,Deposit,3436.12,2025-03-20 23:28:01,23
643,200,Withdrawal,26920.1,2025-01-01 08:08:43,60
644,172,Withdrawal,30169.55,2025-01-25 11:08:14,42
645,380,Transfer,15251.73,2024-10-28 15:39:21,67
646,155,Withdrawal,9231.68,2025-01-01 17:29:32,38
647,153,Deposit,19713.21,2024-09-22 02:45:19,84
648,156,Transfer,36565.16,2025-01-27 01:05:37,55
649,434,Withdrawal,47060.99,2025-03-18 22:43:58,22
650,315,Withdrawal,46248.46,2025-03-05 14:35:42,28
651,259,Withdrawal,49805.74,2025-02-12 11:57:18,4
652,87,Transfer,3947.42,2025-02-13 11:12:22,94
653,75,Deposit,34526.25,2023-08-11 07:09:17,14
654,104,Withdrawal,8798.26,2025-03-23 09:36:46,84
655,118,Transfer,49162.36,2025-02-24 23:41:17,22
656,254,Transfer,6952.36,2024-03-31 21:01:43,13
657,26,Deposit,7875.99,2024-11-06 22:07:42,2
658,324,Deposit,18269.34,2024-08-08 13:18:33,34
659,407,Withdrawal,6911.48,2023-03-05 18:14:00,23
660,3,Transfer,6649.14,2024-12-20 16:21:51,16
661,74,Withdrawal,11729.23,2025-03-19 12:04:08,87
662,429,Transfer,43208.69,2024-12-21 07:51:38,31
663,369,Withdrawal,5298.53,2024-06-01 21:46:15,27
664,9,Transfer,48530.39,2025-03-03 22:45:44,62
665,190,Deposit,24614.68,2024-07-08 07:35:42,93
666,235,Deposit,49639.87,2025-03-07 02:40:25,18
667,43,Withdrawal,16823.45,2024-06-08 01:30:49,47
668,220,Transfer,21695.91,2025-02-14 22:46:23,72
669,173,Withdrawal,9972.18,2024-11-06 20:41:49,29
670,311,Withdrawal,540.92,2025-01-17 20:35:20,57
671,437,Transfer,41369.03,2025-01-15 06:21:57,25
672,309,Transfer,38053.29,2024-08-06 06:04:25,83
673,263,Transfer,24305.12,2025-03-10 21:42:54,52
674,221,Withdrawal,46065.88,2024-11-18 19:27:33,58
675,315,Deposit,19974.5,2025-03-01 07:24:55,77
676,275,Withdrawal,45703.07,2024-10-07 18:14:03,95
677,235,Withdrawal,13612.44,2025-03-22 02:26:32,83
678,478,Deposit,5873.8,2025-01-09 09:48:01,73
679,457,Deposit,32476.53,2021-04-17 01:36:38,4
680,47,Transfer,4774.78,2025-02-25 22:06:36,58
681,194,Transfer,9816.64,2024-05-02 07:21:38,27
682,418,Transfer,18086.65,2025-01-20 22:25:27,64
683,46,Deposit,8865.09,2025-02-26 04:03:03,77
684,284,Transfer,29332.96,2024-10-04 15:18:12,55
685,63,Deposit,7890.15,2024-11-01 12:46:42,8
686,335,Transfer,4759.96,2025-02-05 14:23:20,76
687,376,Withdrawal,2888.01,2024-11-03 01:38:42,29
688,444,Withdrawal,14873.33,2023-07-08 10:28:00,61
689,151,Transfer,46147.49,2025-01-27 09:56:34,75
690,397,Transfer,5422.94,2025-02-23 00:29:49,14
691,334,Transfer,19512.93,2024-08-12 04:47:39,23
692,428,Transfer,35290.47,2022-04-01 00:32:55,88
693,161,Transfer,4394.26,2024-08-26 11:41:11,53
694,407,Transfer,49932.13,2025-03-23 21:02:38,73
695,43,Deposit,14681.63,2025-01-31 15:23:33,56
696,232,Transfer,8590.67,2025-03-24 11:16:29,37
697,413,Withdrawal,27704.96,2025-01-01 19:51:04,62
698,64,Transfer,30888.05,2024-01-19 05:40:48,50
699,483,Withdrawal,40108.84,2024-12-23 12:08:15,42
700,281,Deposit,25649.66,2024-11-22 19:47:12,98
701,488,Transfer,42834.73,2024-10-05 02:09:44,99
702,382,Deposit,34658.69,2025-02-19 03:53:09,4
703,463,Withdrawal,27459.57,2024-11-27 10:03:46,79
704,272,Deposit,38369.71,2023-03-01 14:07:58,63
705,367,Deposit,15801.97,2024-09-04 10:35:07,78
706,391,Withdrawal,4373.79,2025-03-18 11:38:29,27
707,342,Withdrawal,15843.29,2025-03-17 23:16:22,93
708,207,Transfer,49528.74,2024-07-04 15:21:59,36
709,193,Transfer,31535.71,2025-01-24 05:49:12,56
710,31,Deposit,4737.16,2023-01-16 14:42:01,55
711,498,Deposit,33084.46,2024-09-08 14:05:04,86
712,439,Withdrawal,32207.77,2024-09-23 22:19:53,94
713,224,Deposit,32971.65,2025-03-17 14:50:53,92
714,465,Withdrawal,38195.62,2025-02-10 14:07:30,71
715,102,Withdrawal,11919.74,2025-01-16 08:54:11,13
716,192,Deposit,47597.1,2025-03-21 13:06:46,63
717,185,Withdrawal,4402.44,2025-01-24 06:37:03,97
718,410,Withdrawal,15809.64,2024-12-11 23:49:50,53
719,257,Deposit,870.14,2025-02-25 21:38:51,42
720,410,Deposit,2143.2,2023-12-22 14:23:40,83
721,101,Withdrawal,24116.58,2025-03-12 11:22:07,46
722,276,Deposit,13730.29,2025-02-27 02:11:48,42
723,464,Withdrawal,24229.04,2025-02-15 07:49:11,50
724,104,Transfer,15250.8,2025-03-23 15:42:27,93
725,385,Deposit,2657.98,2025-03-21 22:44:18,35
726,240,Deposit,21439.63,2022-11-18 23:56:26,44
727,378,Withdrawal,3422.94,2025-02-27 13:07:27,51
728,102,Withdrawal,10588.22,2025-03-06 07:57:06,59
729,321,Withdrawal,49935.39,2024-11-21 13:36:00,21
730,366,Withdrawal,20777.71,2024-11-02 12:18:08,16
731,293,Deposit,37083.1,2025-03-20 13:24:57,63
732,342,Withdrawal,49632.66,2025-03-15 01:02:32,8
733,79,Withdrawal,16008.91,2024-12-29 08:54:19,29
734,84,Transfer,39223.87,2024-04-15 21:40:31,46
735,166,Withdrawal,33909.36,2024-12-12 21:23:29,45
736,261,Deposit,32873.04,2025-02-15 07:39:36,35
737,238,Withdrawal,8439.73,2024-04-18 14:50:12,35
738,268,Deposit,34287.39,2024-09-15 21:15:01,51
739,459,Withdrawal,19697.66,2023-09-08 23:09:42,66
740,234,Deposit,23151.37,2025-02-22 04:27:37,56
741,71,Withdrawal,44828.95,2024-07-26 21:56:53,76
742,290,Deposit,3606.38,2024-10-10 11:08:00,16
743,52,Withdrawal,46029.27,2025-03-23 01:25:28,15
744,391,Deposit,40786.55,2025-03-10 17:03:37,94
745,493,Deposit,28074.02,2025-01-05 13:37:47,96
746,328,Deposit,11161.48,2025-02-02 14:00:46,1
747,225,Deposit,3610.32,2024-09-01 14:47:17,73
748,227,Withdrawal,37265.93,2024-09-28 20:10:57,78
749,306,Deposit,14675.72,2023-03-03 12:22:35,41
750,279,Withdrawal,5619.63,2025-02-23 23:43:17,100
751,138,Withdrawal,13078.31,2025-01-31 09:38:19,34
752,133,Transfer,27091.91,2024-06-17 02:46:27,68
753,77,Deposit,5586.96,2023-02-27 00:08:24,89
754,142,Transfer,43661.26,2025-03-13 02:24:21,67
755,195,Transfer,46788.52,2024-06-18 19:59:56,31
756,45,Transfer,13451.42,2023-11-23 19:56:12,13
757,106,Deposit,37232.94,2024-09-20 05:48:33,10
758,8,Withdrawal,11802.38,2025-03-07 06:50:07,69
759,184,Deposit,3536.58,2025-03-11 23:31:49,77
760,297,Deposit,41611.94,2025-03-18 20:35:27,82
761,138,Transfer,10423.97,2024-12-23 10:07:04,24
762,426,Withdrawal,38228.85,2023-03-17 01:24:20,73
763,409,Transfer,45239.21,2025-03-22 17:13:09,24
764,362,Transfer,35030.49,2024-08-01 09:11:52,67
765,463,Withdrawal,33697.38,2024-12-25 11:52:48,29
766,131,Withdrawal,37776.19,2025-01-21 06:36:09,97
767,480,Deposit,21808.89,2025-02-22 12:31:01,38
768,373,Deposit,10630.16,2024-09-27 13:00:21,77
769,116,Deposit,16503.84,2024-04-04 08:56:38,42
770,177,Withdrawal,10972.47,2024-04-26 21:28:27,37
771,357,Withdrawal,22105.24,2024-11-15 19:57:25,52
772,450,Deposit,22970.43,2024-10-22 06:21:25,24
773,168,Deposit,46237.44,2023-05-30 13:06:24,22
774,180,Transfer,21542.21,2025-01-25 04:42:56,5
775,343,Withdrawal,4175.12,2025-02-03 14:47:59,79
776,349,Withdrawal,43097.24,2023-06-05 21:31:44,66
777,424,Withdrawal,8296.3,2023-06-05 16:09:59,14
778,105,Withdrawal,13428.3,2025-03-16 12:52:53,1
779,118,Deposit,35607.94,2025-03-24 04:32:22,71
780,193,Deposit,36072.07,2025-03-21 23:37:15,3
781,487,Withdrawal,28915.2,2025-03-21 00:04:40,3
782,17,Deposit,2390.68,2024-12-15 00:50:29,44
783,102,Withdrawal,48879.56,2025-02-28 21:48:17,63
784,8,Deposit,47637.64,2025-03-03 07:17:59,100
785,26,Deposit,11533.78,2025-01-11 11:39:16,4
786,162,Withdrawal,7587.74,2025-02-24 18:40:14,47
787,215,Deposit,2622.72,2023-03-29 17:45:12,56
788,361,Deposit,32404.59,2023-11-05 12:20:55,36
789,90,Transfer,45966.3,2024-10-24 14:22:43,82
790,369,Withdrawal,49023.67,2024-11-09 16:53:05,21
791,83,Withdrawal,30211.09,2022-12-01 23:25:43,80
792,204,Withdrawal,4088.78,2025-01-29 03:10:26,25
793,333,Deposit,22953.23,2024-10-30 07:48:19,41
794,188,Withdrawal,36180.5,2025-03-12 12:37:38,28
795,154,Deposit,4178.42,2025-03-13 02:44:00,97
796,187,Deposit,16173.01,2024-11-27 07:03:32,77
797,75,Withdrawal,31945.44,2024-10-25 15:03:28,97
798,223,Deposit,23204.21,2025-03-23 02:12:18,78
799,459,Deposit,24684.65,2024-03-28 11:01:58,47
800,445,Withdrawal,21742.74,2024-10-04 05:38:09,45
801,309,Transfer,8256.31,2024-09-16 04:47:29,51
802,67,Transfer,47340.05,2025-01-13 01:30:33,3
803,171,Deposit,32567.94,2024-04-04 19:40:55,78
804,500,Transfer,40177.71,2025-03-18 08:45:33,1
805,93,Deposit,26249.31,2024-11-07 20:59:19,89
806,103,Deposit,49251.92,2024-12-28 08:33:35,53
807,32,Transfer,16505.23,2024-02-05 17:41:53,97
808,78,Transfer,49735.14,2024-12-10 08:15:56,63
809,311,Deposit,44658.64,2024-12-05 14:32:48,22
810,246,Deposit,28436.47,2024-04-09 05:07:46,79
811,339,Deposit,34326.29,2024-09-08 15:51:21,51
812,259,Deposit,12693.04,2024-11-12 17:31:51,34
813,41,Deposit,33353.81,2024-01-10 11:04:15,51
814,406,Transfer,29110.89,2025-01-27 20:41:33,37
815,399,Deposit,22826.23,2025-03-17 13:48:46,29
816,13,Withdrawal,4842.13,2025-02-23 04:59:32,52
817,62,Transfer,41684.51,2025-02-02 00:57:15,51
818,321,Deposit,44519.23,2024-04-29 18:58:13,49
819,50,Transfer,15084.82,2023-08-28 14:51:10,18
820,48,Withdrawal,15428.67,2024-09-14 19:29:10,33
821,371,Transfer,47922.18,2023-12-21 15:41:45,6
822,474,Withdrawal,36809.75,2023-07-10 22:55:59,36
823,442,Transfer,19804.16,2024-06-29 23:41:20,18
824,429,Transfer,31132.75,2025-03-18 19:10:39,99
825,479,Deposit,38762.24,2025-02-22 16:41:03,42
826,438,Withdrawal,19715.34,2024-10-31 22:12:44,20
827,277,Deposit,34992.63,2025-03-12 05:11:12,24
828,4,Transfer,23611.34,2023-09-26 05:08:07,45
829,315,Deposit,41235.73,2025-03-09 01:49:27,13
830,392,Withdrawal,49202.91,2025-03-12 19:52:28,19
831,335,Transfer,29560.63,2025-02-17 07:08:51,53
832,11,Withdrawal,16759.37,2024-04-08 09:59:18,82
833,334,Transfer,34764.77,2025-01-17 12:33:09,25
834,29,Transfer,13469.58,2025-03-17 00:06:43,53
835,113,Withdrawal,45551.25,2025-03-23 03:10:23,62
836,353,Withdrawal,6752.31,2024-12-10 17:08:18,73
837,297,Withdrawal,30845.56,2025-03-13 10:12:16,82
838,56,Withdrawal,44787.39,2024-05-12 04:32:56,39
839,317,Withdrawal,42112.83,2022-07-27 04:00:39,69
840,492,Transfer,9034.6,2025-03-19 21:51:46,98
841,230,Deposit,2324.04,2025-01-13 02:50:40,46
842,25,Transfer,43337.38,2024-09-15 08:45:26,53
843,301,Deposit,45808.83,2024-04-12 08:00:41,29
844,92,Withdrawal,40323.91,2024-11-17 16:25:53,39
845,274,Deposit,26792.7,2024-12-10 00:41:51,49
846,296,Withdrawal,3602.75,2025-03-21 15:01:24,11
847,453,Withdrawal,39015.92,2024-01-15 21:25:38,84
848,367,Deposit,12754.97,2023-11-05 17:07:05,51
849,217,Withdrawal,36111.41,2023-12-10 11:29:02,74
850,346,Deposit,38150.45,2022-01-09 10:12:31,42
851,446,Withdrawal,8039.4,2025-03-16 11:37:08,21
852,406,Withdrawal,37436.39,2024-11-01 00:05:46,54
853,425,Transfer,39215.57,2024-10-06 15:38:09,20
854,114,Deposit,41497.1,2023-09-01 17:42:41,77
855,162,Withdrawal,15989.41,2025-03-14 07:18:14,1
856,213,Withdrawal,44954.66,2025-01-20 06:48:32,96
857,475,Withdrawal,23228.08,2024-05-06 05:28:27,97
858,414,Withdrawal,48372.12,2023-09-24 02:00:27,68
859,23,Withdrawal,24980.95,2023-09-02 22:56:59,45
860,51,Deposit,1690.0,2024-09-16 14:04:58,76
861,395,Deposit,26816.33,2025-01-19 17:21:24,76
862,296,Deposit,18613.15,2025-03-03 00:59:15,1
863,70,Deposit,22037.73,2025-03-24 01:39:13,2
864,275,Deposit,6783.17,2024-12-20 14:13:54,100
865,215,Deposit,46145.84,2023-12-12 04:22:15,21
866,250,Deposit,5730.72,2025-02-11 05:13:34,95
867,248,Deposit,20375.83,2024-03-19 20:07:57,27
868,46,Transfer,3030.04,2025-02-06 06:05:54,50
869,388,Deposit,8337.49,2023-11-30 17:19:27,89
870,465,Transfer,37661.44,2025-03-08 06:35:36,97
871,53,Transfer,19609.97,2025-02-22 05:29:39,32
872,84,Transfer,40239.44,2023-12-20 00:38:53,37
873,83,Transfer,7495.93,2024-06-10 00:15:46,32
874,6,Transfer,36752.3,2025-03-17 07:20:18,60
875,438,Transfer,39404.16,2024-11-30 07:27:00,73
876,4,Transfer,30560.15,2024-08-08 05:11:06,46
877,53,Transfer,15495.21,2024-11-04 06:27:49,95
878,230,Withdrawal,5090.04,2024-07-08 19:51:35,27
879,200,Withdrawal,31183.82,2024-11-24 11:38:04,48
880,400,Withdrawal,2977.83,2025-03-17 10:33:31,58
881,366,Withdrawal,3806.42,2025-02-17 13:37:37,57
882,113,Transfer,13118.34,2025-03-22 16:20:03,38
883,464,Deposit,36276.71,2024-12-23 22:30:01,27
884,365,Deposit,15980.0,2023-08-15 16:08:57,72
885,41,Transfer,39017.56,2024-10-23 02:23:32,46
886,162,Withdrawal,21844.13,2025-02-19 10:40:41,24
887,263,Withdrawal,7870.61,2024-09-24 20:15:56,67
888,36,Deposit,34354.1,2024-12-29 03:01:34,47
889,34,Deposit,44158.58,2024-02-23 01:21:53,89
890,116,Withdrawal,10888.26,2024-05-28 13:53:33,95
891,114,Deposit,30221.84,2023-02-14 00:32:07,64
892,290,Withdrawal,1374.26,2024-12-24 23:13:50,39
893,390,Deposit,17749.38,2023-07-10 22:22:55,76
894,377,Deposit,19312.51,2024-12-16 05:57:25,40
895,52,Deposit,47293.41,2025-02-16 14:58:50,6
896,194,Transfer,12297.2,2024-12-21 13:46:48,2
897,265,Withdrawal,22187.32,2025-02-26 18:18:59,72
898,384,Withdrawal,22788.57,2024-03-05 01:06:17,34
899,352,Transfer,16570.17,2025-01-31 18:28:14,3
900,373,Deposit,6120.22,2022-05-15 09:11:40,21
901,108,Transfer,34199.8,2025-03-20 14:40:39,37
902,444,Deposit,8529.31,2024-04-14 07:53:08,26
903,466,Transfer,27360.15,2025-03-23 08:17:59,6
904,328,Deposit,16877.87,2025-02-22 14:08:30,6
905,303,Deposit,8183.02,2024-07-09 15:31:30,77
906,291,Transfer,16834.48,2025-03-24 12:22:18,59
907,261,Transfer,24133.43,2025-02-11 12:12:39,79
908,121,Deposit,21814.28,2024-01-07 23:28:22,75
909,404,Withdrawal,23714.65,2025-02-03 19:06:02,35
910,351,Withdrawal,15803.63,2025-02-27 10:16:07,83
911,385,Transfer,7657.52,2025-03-21 21:03:18,29
912,178,Withdrawal,37365.51,2024-12-24 08:53:00,76
913,223,Deposit,12615.97,2025-03-09 04:16:31,70
914,487,Transfer,33078.83,2025-03-23 03:00:24,92
915,174,Deposit,33811.05,2024-12-09 21:36:14,77
916,482,Deposit,21379.0,2024-06-27 14:30:25,45
917,283,Deposit,18772.39,2022-04-12 10:24:58,79
918,300,Transfer,20218.37,2024-03-21 11:13:23,3
919,276,Deposit,44294.72,2025-02-28 20:49:48,78
920,467,Transfer,42818.75,2024-12-21 02:32:09,37
921,217,Transfer,22944.32,2023-11-05 18:54:29,36
922,227,Withdrawal,23300.24,2025-02-12 21:45:21,31
923,335,Withdrawal,4991.28,2025-03-20 16:16:12,91
924,144,Deposit,6805.12,2024-12-27 12:55:14,25
925,340,Withdrawal,30878.42,2025-03-23 03:35:04,51
926,164,Transfer,21871.06,2024-09-03 20:55:35,40
927,323,Deposit,27781.7,2025-03-22 10:26:17,71
928,299,Deposit,30255.08,2023-12-15 03:48:06,1
929,341,Deposit,18342.35,2024-11-28 15:33:10,54
930,183,Transfer,32074.67,2024-01-29 12:02:36,17
931,346,Deposit,24020.18,2021-10-26 04:07:19,87
932,301,Transfer,40246.36,2022-03-31 11:13:49,69
933,459,Deposit,48490.87,2022-04-29 07:40:04,49
934,416,Deposit,10814.39,2025-03-17 06:15:45,96
935,287,Transfer,30919.69,2024-07-09 06:00:43,14
936,65,Transfer,48548.26,2024-10-30 09:37:03,42
937,176,Transfer,33667.27,2025-03-21 15:11:49,70
938,430,Transfer,31999.72,2025-03-21 03:11:22,60
939,337,Withdrawal,45440.5,2025-01-20 21:51:53,65
940,290,Deposit,3034.65,2024-10-16 03:05:15,81
941,442,Deposit,14292.38,2025-03-02 09:38:49,65
942,363,Transfer,25445.0,2025-03-23 12:56:33,50
943,145,Transfer,14751.74,2025-01-31 16:53:49,69
944,297,Withdrawal,1378.45,2025-03-01 19:37:19,29
945,319,Withdrawal,47530.31,2024-07-02 10:36:17,14
946,128,Transfer,18055.31,2024-09-09 05:08:35,29
947,386,Withdrawal,7358.57,2024-05-14 11:07:12,22
948,466,Withdrawal,25774.16,2025-03-23 11:08:19,59
949,313,Deposit,16148.35,2024-06-30 21:42:27,78
950,38,Transfer,38659.37,2022-07-21 19:48:15,50
951,259,Transfer,19103.44,2025-03-05 15:09:24,89
952,75,Withdrawal,13082.48,2024-07-10 04:21:15,2
953,122,Withdrawal,13048.28,2024-10-25 17:01:29,46
954,3,Withdrawal,10439.0,2024-05-15 00:48:09,35
955,343,Withdrawal,39331.51,2025-01-21 02:36:25,36
956,252,Transfer,30016.26,2025-01-21 13:30:04,46
957,498,Transfer,35006.97,2024-11-23 10:39:51,25
958,48,Withdrawal,42150.48,2025-01-15 02:28:26,65
959,412,Withdrawal,1392.37,2023-05-17 04:54:09,30
960,142,Transfer,22047.12,2024-02-17 21:46:02,91
961,449,Deposit,44024.56,2025-03-14 07:50:03,83
962,98,Deposit,30766.21,2025-03-09 11:08:18,17
963,135,Transfer,39860.72,2024-11-06 10:52:49,46
964,488,Withdrawal,44470.75,2023-10-12 19:47:20,16
965,17,Withdrawal,19393.76,2024-09-23 06:41:01,65
966,191,Transfer,8172.64,2023-07-29 06:42:23,23
967,421,Deposit,31632.07,2025-03-09 05:54:05,25
968,206,Deposit,26616.05,2025-03-12 11:45:18,93
969,296,Deposit,39946.24,2025-03-15 10:02:19,27
970,325,Transfer,4559.93,2022-07-03 21:43:47,98
971,411,Withdrawal,6129.06,2023-10-02 01:51:48,44
972,437,Deposit,18540.06,2025-01-20 00:19:50,19
973,46,Transfer,10374.54,2025-02-16 17:08:30,13
974,1,Deposit,28317.41,2023-02-16 19:39:27,29
975,9,Transfer,47455.11,2024-12-31 02:58:03,90
976,79,Withdrawal,11463.93,2023-11-15 23:36:43,86
977,161,Withdrawal,12266.87,2024-06-14 12:14:46,32
978,478,Withdrawal,21315.64,2024-12-25 11:41:17,50
979,450,Withdrawal,25050.4,2024-02-25 23:26:12,3
980,16,Transfer,43411.62,2025-02-18 11:38:54,63
981,152,Deposit,39936.67,2023-04-23 02:54:56,89
982,374,Withdrawal,15161.85,2025-02-26 22:38:45,12
983,409,Transfer,37994.08,2025-03-22 08:44:38,15
984,399,Transfer,47096.29,2025-03-06 15:18:23,51
985,102,Deposit,43502.68,2025-02-17 10:00:32,21
986,110,Transfer,23661.35,2025-02-12 20:33:15,29
987,409,Deposit,22976.94,2025-03-22 04:52:18,22
988,113,Transfer,48470.23,2025-03-20 21:46:59,6
989,115,Deposit,5840.39,2023-12-24 15:17:40,71
990,128,Withdrawal,23426.93,2022-03-05 15:16:11,84
991,376,Withdrawal,43488.85,2023-12-25 22:52:22,51
992,69,Transfer,45933.09,2024-09-10 16:49:06,53
993,357,Transfer,21412.93,2025-01-06 14:39:01,55
994,495,Transfer,15729.83,2024-02-26 05:50:50,1
995,79,Deposit,3764.34,2023-12-29 13:08:08,67
996,108,Withdrawal,4700.9,2025-03-20 13:42:55,42
997,289,Transfer,23766.64,2024-09-21 12:27:45,25
998,273,Transfer,25858.51,2024-01-06 08:27:37,95
999,379,Deposit,8447.4,2023-05-23 11:28:36,29
1000,416,Transfer,12157.61,2025-03-16 00:22:46,31
1001,78,Transfer,34994.08,2024-06-01 00:06:54,53
1002,203,Transfer,3572.62,2024-07-13 16:13:25,80
1003,18,Withdrawal,33829.73,2022-01-18 00:12:17,73
1004,326,Transfer,18494.01,2024-12-19 03:13:21,7
1005,377,Withdrawal,34454.19,2024-09-24 08:36:33,26
1006,53,Withdrawal,41532.91,2024-11-26 00:55:57,84
1007,300,Withdrawal,47976.24,2024-02-21 18:27:52,78
1008,98,Deposit,39070.02,2025-02-24 20:33:51,4
1009,253,Transfer,14576.88,2024-07-14 20:36:15,47
1010,139,Withdrawal,3960.13,2024-10-24 23:44:36,96
1011,293,Deposit,45830.16,2025-03-13 05:49:14,70
1012,162,Deposit,21581.08,2025-03-02 07:26:59,91
1013,1,Withdrawal,45038.33,2025-01-08 20:53:39,66
1014,315,Deposit,39238.97,2025-03-08 14:39:40,85
1015,395,Deposit,42332.87,2025-02-01 18:42:41,32
1016,348,Transfer,28763.05,2025-02-22 13:34:58,69
1017,347,Deposit,13251.83,2024-12-02 12:22:00,24
1018,483,Deposit,3286.27,2024-05-10 12:41:04,29
1019,485,Withdrawal,19389.97,2024-11-14 05:31:41,15
1020,46,Transfer,48198.59,2025-03-17 11:30:16,81
1021,173,Transfer,26535.6,2024-09-30 04:57:06,59
1022,427,Withdrawal,38626.98,2024-11-04 20:36:00,100
1023,476,Transfer,49289.32,2022-08-16 05:26:55,98
1024,275,Withdrawal,14192.21,2024-06-21 17:57:53,22
1025,4,Withdrawal,35039.58,2023-12-29 16:57:02,41
1026,146,Deposit,19367.46,2025-02-02 16:24:13,47
1027,89,Deposit,43648.89,2024-10-26 12:56:14,37
1028,427,Transfer,10181.06,2024-07-10 21:21:51,60
1029,236,Transfer,48503.81,2024-08-22 23:02:49,9
1030,359,Withdrawal,25359.97,2024-10-21 16:43:37,93
1031,454,Transfer,41964.7,2025-02-09 23:17:36,70
1032,258,Withdrawal,41188.18,2025-03-07 07:26:52,54
1033,165,Withdrawal,39586.54,2025-01-25 03:28:41,95
1034,490,Deposit,8322.66,2024-06-13 10:52:24,27
1035,16,Transfer,34539.59,2025-03-01 15:30:20,49
1036,378,Deposit,20406.98,2024-10-09 01:33:20,38
1037,239,Withdrawal,38825.04,2025-01-30 09:54:17,57
1038,489,Transfer,17461.25,2024-11-25 19:31:29,56
1039,197,Transfer,27448.44,2025-03-17 11:59:28,7
1040,282,Transfer,18170.34,2025-02-28 03:55:05,85
1041,109,Withdrawal,28642.65,2024-10-18 12:03:47,49
1042,12,Withdrawal,49893.95,2025-02-18 10:36:15,60
1043,492,Transfer,15115.98,2025-03-09 20:19:29,74
1044,236,Deposit,16175.19,2024-09-10 09:43:27,60
1045,312,Withdrawal,9804.3,2025-03-12 21:46:05,1
1046,191,Deposit,32231.07,2024-08-09 07:08:40,5
1047,144,Withdrawal,8402.15,2025-03-14 22:13:16,67
1048,242,Transfer,46966.64,2024-10-11 16:36:09,63
1049,460,Withdrawal,49634.82,2024-06-19 00:54:49,20
1050,463,Withdrawal,36462.28,2025-03-18 05:35:05,79
1051,148,Deposit,49417.38,2025-02-16 07:25:08,96
1052,446,Transfer,14684.22,2025-03-14 04:25:21,62
1053,384,Withdrawal,20547.24,2024-03-02 04:50:57,60
1054,379,Transfer,7311.36,2023-11-24 20:26:32,91
1055,80,Withdrawal,16246.12,2025-03-24 12:34:35,39
1056,64,Transfer,45975.72,2024-06-11 00:44:30,74
1057,478,Deposit,34046.75,2024-11-12 05:48:52,47
1058,259,Withdrawal,15095.92,2024-12-11 13:53:13,39
1059,95,Withdrawal,7143.63,2025-03-22 23:13:15,48
1060,138,Withdrawal,31516.22,2024-08-20 04:35:37,17
1061,25,Deposit,8129.49,2024-04-19 03:10:51,54
1062,208,Deposit,4785.97,2024-05-18 12:58:35,95
1063,180,Withdrawal,26817.8,2024-12-26 10:46:21,56
1064,6,Deposit,14659.02,2025-03-21 10:29:09,79
1065,282,Deposit,3084.98,2024-05-08 05:31:52,49
1066,491,Withdrawal,25467.49,2025-01-18 06:56:29,33
1067,382,Deposit,27473.39,2024-09-04 23:23:44,38
1068,338,Transfer,41154.0,2024-09-13 10:07:10,59
1069,65,Deposit,26086.4,2024-08-09 07:11:26,14
1070,102,Transfer,13137.83,2025-03-11 08:18:08,78
1071,153,Deposit,12554.39,2024-07-31 15:41:39,45
1072,266,Withdrawal,1597.74,2023-06-28 05:40:08,82
1073,3,Deposit,10720.17,2023-11-07 22:09:40,5
1074,57,Withdrawal,47703.09,2025-02-15 00:50:47,69
1075,342,Deposit,21842.99,2025-03-08 20:59:01,88
1076,106,Transfer,30423.1,2024-08-18 06:27:44,10
1077,310,Withdrawal,36785.4,2024-04-23 10:20:41,30
1078,33,Transfer,11616.64,2023-07-20 07:27:21,30
1079,224,Withdrawal,9232.01,2025-03-05 18:31:14,37
1080,55,Transfer,8900.49,2022-12-27 09:15:02,38
1081,18,Transfer,46062.44,2023-06-25 12:03:13,94
1082,250,Withdrawal,3262.13,2024-11-11 06:23:45,38
1083,372,Deposit,38103.54,2024-10-28 03:02:37,58
1084,243,Withdrawal,40224.48,2024-09-07 17:00:12,50
1085,22,Deposit,4629.99,2023-10-04 22:59:44,25
1086,375,Withdrawal,14151.0,2025-03-04 01:22:15,43
1087,113,Deposit,36848.57,2025-03-20 12:07:52,74
1088,387,Withdrawal,30429.04,2024-09-01 03:25:18,44
1089,63,Transfer,48423.06,2025-02-12 06:24:47,82
1090,148,Deposit,47009.99,2025-01-07 16:40:58,3
1091,210,Transfer,855.14,2025-02-08 05:22:36,84
1092,220,Withdrawal,3196.48,2025-01-27 11:05:11,14
1093,17,Withdrawal,39409.77,2023-11-15 08:38:17,19
1094,304,Transfer,22891.31,2025-03-04 20:17:38,35
1095,233,Deposit,35970.94,2023-10-18 22:55:30,37
1096,91,Transfer,48604.59,2025-01-17 20:59:56,48
1097,344,Transfer,46783.8,2024-10-26 20:30:47,51
1098,231,Transfer,47456.57,2023-11-05 18:58:08,32
1099,18,Transfer,34066.03,2021-07-31 06:41:29,98
1100,432,Transfer,45199.62,2024-05-14 06:29:01,6
1101,406,Deposit,33043.03,2024-09-28 08:21:08,84
1102,87,Transfer,47682.83,2025-03-22 12:46:40,74
1103,464,Withdrawal,12261.84,2024-10-31 22:16:22,32
1104,31,Deposit,23503.98,2023-03-24 21:55:32,98
1105,14,Transfer,13378.33,2025-02-18 01:52:04,58
1106,130,Withdrawal,21694.25,2025-02-10 19:54:24,50
1107,355,Deposit,17554.16,2022-03-14 13:01:34,11
1108,493,Transfer,33440.18,2025-01-22 17:12:35,85
1109,295,Transfer,28243.36,2024-06-10 09:10:40,91
1110,8,Transfer,45399.55,2025-03-10 07:39:41,86
1111,219,Transfer,17828.41,2024-08-27 14:59:35,13
1112,280,Deposit,21482.32,2025-03-18 00:09:10,17
1113,93,Transfer,46638.46,2025-02-13 04:58:43,21
1114,21,Deposit,17976.88,2024-12-23 01:55:20,24
1115,374,Withdrawal,3986.48,2025-03-17 12:47:50,69
1116,118,Deposit,14519.47,2025-03-01 03:19:52,47
1117,138,Deposit,15736.09,2023-08-15 15:47:13,53
1118,146,Deposit,29413.93,2024-12-19 09:10:17,26
1119,258,Withdrawal,15112.92,2025-03-23 02:44:22,25
1120,162,Transfer,16828.82,2025-01-01 07:05:00,80
1121,53,Withdrawal,49852.74,2024-12-11 07:24:17,35
1122,126,Transfer,35566.8,2024-08-09 13:19:25,34
1123,38,Transfer,33574.51,2022-05-28 21:07:50,100
1124,257,Withdrawal,5401.28,2024-10-19 15:33:10,43
1125,383,Withdrawal,25573.72,2023-04-30 20:39:49,68
1126,115,Transfer,5031.36,2024-10-22 05:42:46,96
1127,323,Withdrawal,26111.27,2025-03-17 23:51:25,98
1128,283,Withdrawal,9997.63,2022-11-13 03:33:45,40
1129,17,Deposit,7010.28,2024-01-20 08:03:42,55
1130,174,Deposit,19069.36,2025-01-10 23:09:18,74
1131,325,Deposit,48997.51,2022-06-27 17:22:58,55
1132,6,Withdrawal,24260.25,2025-03-21 20:47:53,27
1133,248,Transfer,17186.84,2024-02-28 09:31:11,24
1134,339,Withdrawal,33636.78,2024-12-17 02:08:56,22
1135,37,Transfer,18665.29,2024-03-31 18:16:01,99
1136,110,Transfer,30785.88,2024-10-24 19:03:31,42
1137,323,Deposit,17132.05,2025-03-19 15:35:06,66
1138,462,Withdrawal,36103.44,2024-04-21 09:16:47,59
1139,452,Withdrawal,49617.61,2024-12-23 09:43:01,72
1140,356,Withdrawal,29456.94,2025-03-19 17:40:07,48
1141,301,Deposit,13074.71,2024-06-16 15:52:43,22
1142,304,Withdrawal,29114.12,2025-03-12 18:30:11,55
1143,40,Withdrawal,6411.33,2024-05-18 02:44:18,100
1144,23,Withdrawal,32563.85,2023-07-13 00:58:25,75
1145,419,Transfer,19094.52,2024-07-26 22:36:20,93
1146,2,Transfer,10755.68,2024-01-06 10:32:02,73
1147,494,Transfer,15425.84,2023-03-16 05:48:03,38
1148,244,Withdrawal,30861.77,2025-03-12 23:44:34,62
1149,370,Transfer,26700.29,2024-11-24 05:45:21,14
1150,274,Deposit,1286.84,2024-11-04 18:32:26,72
1151,117,Deposit,49341.26,2024-08-06 23:35:14,30
1152,172,Deposit,25077.99,2025-01-21 06:45:57,33
1153,450,Withdrawal,5259.6,2023-08-03 04:16:37,63
1154,81,Deposit,9725.59,2024-07-18 06:45:43,24
1155,79,Transfer,46172.21,2024-12-17 10:16:32,70
1156,474,Transfer,24103.2,2024-06-05 13:00:52,19
1157,292,Withdrawal,18913.83,2024-10-21 06:27:21,57
1158,260,Transfer,25305.04,2024-11-16 16:43:23,3
1159,441,Deposit,1531.42,2024-12-05 10:29:50,13
1160,344,Withdrawal,15990.41,2024-06-22 04:44:38,17
1161,85,Deposit,38886.36,2022-07-12 23:06:28,4
1162,452,Deposit,30666.32,2025-03-05 12:26:53,44
1163,187,Withdrawal,8987.29,2024-11-22 08:32:55,86
1164,307,Deposit,36662.67,2023-03-15 00:09:27,92
1165,256,Withdrawal,44837.4,2025-03-01 15:09:10,59
1166,123,Deposit,37311.89,2024-04-30 04:38:53,29
1167,498,Deposit,35135.35,2024-09-08 16:17:52,78
1168,197,Deposit,6650.39,2025-03-18 05:32:58,85
1169,306,Deposit,19613.74,2025-02-13 13:03:58,95
1170,359,Transfer,7173.05,2025-03-07 18:05:03,93
1171,187,Transfer,18482.84,2024-11-21 13:57:26,19
1172,288,Deposit,9685.25,2024-11-15 05:51:39,40
1173,294,Transfer,21923.04,2023-12-19 16:47:36,54
1174,142,Withdrawal,43906.6,2024-11-24 07:13:43,20
1175,496,Withdrawal,16520.2,2025-03-16 15:06:36,67
1176,445,Transfer,45094.95,2025-01-10 12:03:34,61
1177,440,Transfer,29233.77,2024-12-04 05:43:51,11
1178,59,Transfer,43914.56,2025-02-11 11:05:46,34
1179,454,Transfer,3722.82,2025-01-31 11:55:07,68
1180,175,Transfer,47961.45,2025-01-20 19:19:45,98
1181,441,Deposit,32910.37,2025-01-20 22:25:16,64
1182,321,Withdrawal,42724.89,2024-06-23 20:25:10,47
1183,269,Withdrawal,2752.31,2023-09-12 08:28:59,86
1184,29,Withdrawal,22276.78,2025-03-19 16:23:01,89
1185,387,Transfer,12048.95,2025-02-08 21:10:56,14
1186,90,Withdrawal,10942.66,2025-02-24 12:50:22,46
1187,183,Deposit,36913.86,2024-12-18 12:42:51,3
1188,132,Withdrawal,49381.48,2025-03-10 02:21:01,60
1189,465,Transfer,40179.27,2025-03-06 13:25:15,10
1190,117,Transfer,25732.25,2025-02-04 13:52:37,68
1191,408,Withdrawal,25276.98,2024-11-19 23:28:52,25
1192,213,Deposit,46312.97,2025-02-09 04:28:52,92
1193,183,Transfer,49236.2,2025-03-09 11:38:01,70
1194,395,Deposit,5857.1,2025-03-18 05:43:54,18
1195,299,Transfer,34702.73,2024-08-30 07:50:19,88
1196,327,Transfer,45193.2,2025-03-20 13:18:00,4
1197,308,Withdrawal,29084.04,2021-03-12 08:25:03,64
1198,119,Deposit,40556.48,2024-09-27 22:40:57,80
1199,418,Transfer,16568.07,2025-03-03 23:33:36,39
1200,302,Transfer,11613.66,2024-12-29 12:13:38,19
1201,344,Transfer,26671.23,2024-12-26 02:44:09,9
1202,156,Transfer,12517.4,2024-09-08 09:09:41,51
1203,359,Withdrawal,10111.73,2024-12-21 20:37:22,32
1204,338,Withdrawal,40109.63,2024-09-25 21:43:27,71
1205,345,Deposit,22120.16,2025-02-12 16:50:35,56
1206,432,Transfer,1365.4,2024-04-05 20:12:02,88
1207,112,Withdrawal,13950.81,2025-01-30 19:22:40,85
1208,93,Deposit,10224.41,2024-12-10 12:20:06,19
1209,347,Transfer,24993.58,2024-06-23 07:30:47,85
1210,271,Deposit,36770.81,2024-11-17 17:17:11,20
1211,454,Transfer,29058.93,2025-03-11 18:40:03,26
1212,301,Deposit,13574.92,2024-03-25 12:14:28,61
1213,484,Transfer,49520.57,2022-08-14 04:09:18,50
1214,377,Deposit,41458.05,2024-10-15 00:02:53,53
1215,380,Withdrawal,21514.91,2024-10-06 04:15:27,12
1216,367,Withdrawal,42441.71,2023-07-14 10:34:52,84
1217,141,Transfer,26566.01,2024-12-06 20:51:42,37
1218,234,Deposit,45716.46,2025-02-18 19:04:37,27
1219,315,Transfer,18991.5,2025-02-12 21:16:08,19
1220,258,Transfer,26092.97,2025-03-18 20:07:20,54
1221,286,Transfer,27448.46,2024-09-16 00:23:25,45
1222,140,Withdrawal,42909.07,2024-08-26 19:23:05,20
1223,438,Withdrawal,11597.06,2024-05-18 20:13:16,75
1224,194,Transfer,8644.76,2024-09-25 17:14:39,39
1225,283,Withdrawal,15563.9,2022-06-21 13:58:05,90
1226,140,Deposit,41760.42,2024-11-20 11:06:37,59
1227,441,Deposit,5092.09,2024-12-20 08:02:56,43
1228,98,Transfer,44043.73,2025-03-14 17:55:30,18
1229,116,Withdrawal,40655.27,2024-09-01 03:57:30,1
1230,254,Withdrawal,49894.42,2024-10-16 13:52:27,54
1231,70,Transfer,36264.84,2024-09-26 12:25:32,12
1232,305,Deposit,18513.0,2025-02-26 01:09:18,75
1233,70,Withdrawal,45504.7,2025-01-30 18:21:59,76
1234,109,Transfer,13056.28,2024-01-20 10:12:32,86
1235,398,Withdrawal,49946.13,2025-03-14 19:01:52,41
1236,159,Deposit,5412.48,2024-09-02 01:14:47,87
1237,325,Deposit,41590.64,2022-09-05 22:33:01,88
1238,439,Withdrawal,39536.08,2024-09-27 18:48:01,48
1239,415,Withdrawal,4462.09,2023-10-29 00:37:19,18
1240,87,Withdrawal,18919.01,2025-02-15 06:12:33,29
1241,231,Deposit,26900.48,2024-08-15 03:55:36,24
1242,370,Transfer,5400.1,2024-11-17 18:31:29,15
1243,269,Withdrawal,12946.33,2022-05-18 17:56:01,51
1244,132,Withdrawal,42468.56,2024-05-04 16:30:04,17
1245,162,Withdrawal,8723.25,2025-03-14 11:47:47,83
1246,395,Deposit,4317.06,2025-01-28 16:09:04,51
1247,39,Withdrawal,35468.63,2024-06-28 02:43:16,77
1248,308,Withdrawal,45212.97,2022-05-30 13:03:42,80
1249,296,Withdrawal,14411.49,2025-03-04 21:09:19,20
1250,74,Transfer,44773.81,2025-03-18 21:42:14,53
1251,2,Deposit,7024.7,2024-03-29 19:46:11,1
1252,131,Transfer,49875.49,2025-02-08 21:36:32,2
1253,315,Deposit,26017.84,2025-03-07 17:38:21,12
1254,403,Withdrawal,14047.36,2025-03-07 11:18:58,35
1255,114,Withdrawal,49387.44,2023-05-08 10:37:11,31
1256,489,Transfer,34452.45,2024-09-20 17:52:06,67
1257,274,Transfer,40662.92,2024-10-19 12:56:10,100
1258,269,Deposit,29906.22,2024-06-01 03:08:18,68
1259,306,Withdrawal,45926.55,2023-01-22 21:43:57,4
1260,212,Withdrawal,15990.18,2025-01-28 22:26:39,48
1261,262,Deposit,45986.47,2024-08-18 08:58:26,80
1262,499,Transfer,44428.56,2023-07-23 07:46:05,71
1263,163,Transfer,29561.14,2024-04-30 13:00:59,8
1264,371,Deposit,21914.43,2025-02-23 13:11:44,50
1265,204,Withdrawal,29740.04,2025-01-20 05:35:35,72
1266,218,Withdrawal,10679.56,2024-07-18 08:24:51,37
1267,230,Transfer,41735.62,2024-11-07 22:31:43,52
1268,327,Deposit,5406.56,2025-03-19 08:04:31,88
1269,238,Transfer,45381.9,2024-11-12 03:12:19,57
1270,297,Deposit,25468.38,2025-02-28 22:27:24,55
1271,306,Withdrawal,26222.49,2025-01-13 15:20:35,35
1272,411,Withdrawal,34266.67,2024-03-28 03:11:09,26
1273,61,Deposit,27734.68,2023-11-16 05:23:28,74
1274,63,Withdrawal,33949.45,2024-12-30 03:40:58,15
1275,410,Transfer,24237.14,2023-09-08 19:11:20,25
1276,469,Transfer,4436.22,2023-07-14 14:31:30,27
1277,75,Withdrawal,2576.77,2023-03-20 11:27:02,33
1278,125,Transfer,5272.4,2025-01-23 21:02:56,21
1279,483,Withdrawal,19076.26,2024-07-13 22:21:37,89
1280,430,Deposit,46725.98,2024-09-29 23:13:22,31
1281,272,Deposit,4032.03,2024-06-15 08:58:01,92
1282,358,Transfer,39886.23,2024-09-09 07:37:04,13
1283,436,Transfer,19488.39,2024-07-20 08:13:59,47
1284,196,Withdrawal,3935.5,2024-10-25 19:43:27,42
1285,132,Withdrawal,24542.99,2024-10-07 19:50:07,76
1286,72,Transfer,42798.55,2025-02-16 21:22:55,53
1287,124,Deposit,13541.19,2022-08-21 19:44:03,59
1288,500,Transfer,15529.66,2025-03-08 05:07:52,64
1289,212,Withdrawal,21215.27,2024-10-13 23:26:27,4
1290,41,Withdrawal,5843.17,2024-08-02 18:13:20,22
1291,21,Withdrawal,42947.76,2025-02-09 08:42:47,1
1292,143,Withdrawal,20648.83,2024-06-14 04:08:52,76
1293,422,Deposit,29848.01,2025-03-19 08:40:11,97
1294,381,Withdrawal,21304.0,2025-01-19 17:40:13,65
1295,71,Deposit,20944.96,2024-12-28 18:03:34,82
1296,115,Withdrawal,14008.43,2023-09-30 13:51:55,27
1297,288,Transfer,18523.81,2024-10-21 02:53:14,90
1298,121,Transfer,26713.1,2024-04-22 07:35:11,57
1299,420,Withdrawal,14875.74,2024-04-26 00:13:01,97
1300,309,Withdrawal,32529.07,2023-01-14 10:35:24,51
1301,10,Transfer,47047.07,2025-03-02 14:54:49,73
1302,256,Withdrawal,15829.0,2024-06-01 17:51:59,62
1303,229,Deposit,7139.31,2025-02-08 23:54:35,63
1304,302,Transfer,16635.1,2025-02-10 06:21:19,9
1305,317,Withdrawal,49555.06,2023-03-20 23:04:15,20
1306,366,Transfer,16914.57,2025-02-01 21:42:16,37
1307,375,Withdrawal,17077.91,2025-03-04 06:19:13,30
1308,394,Withdrawal,49795.66,2025-03-18 03:48:26,83
1309,456,Transfer,17000.11,2025-03-15 04:42:54,67
1310,386,Deposit,32477.66,2025-01-09 10:07:45,58
1311,216,Transfer,39957.92,2024-10-11 01:37:01,69
1312,442,Transfer,5092.71,2024-12-06 19:32:27,4
1313,262,Transfer,19709.99,2025-01-15 09:41:33,17
1314,445,Withdrawal,16087.01,2024-10-02 23:40:57,41
1315,65,Transfer,18555.66,2025-03-07 18:04:05,65
1316,324,Withdrawal,24280.26,2025-01-22 19:13:41,46
1317,325,Deposit,45043.38,2023-11-04 07:19:02,91
1318,222,Deposit,20415.52,2024-06-09 12:52:52,75
1319,486,Withdrawal,47837.67,2024-12-18 03:17:55,54
1320,183,Withdrawal,37176.46,2024-04-01 06:40:49,29
1321,252,Deposit,37019.49,2025-01-02 20:04:52,13
1322,82,Deposit,10214.24,2025-02-05 12:51:02,98
1323,429,Withdrawal,26984.97,2024-11-05 08:50:58,42
1324,65,Transfer,40635.42,2024-11-16 06:35:20,89
1325,470,Deposit,48844.34,2025-03-22 03:05:13,53
1326,472,Withdrawal,1619.58,2024-06-01 23:21:53,73
1327,490,Transfer,44228.88,2022-12-22 14:06:52,93
1328,9,Transfer,31187.24,2024-10-09 21:42:59,29
1329,30,Transfer,31527.4,2025-03-06 23:52:58,66
1330,88,Deposit,6453.53,2024-12-18 07:48:31,9
1331,279,Transfer,1194.95,2025-02-24 14:49:32,12
1332,235,Deposit,34042.57,2025-03-15 20:56:40,59
1333,24,Withdrawal,6982.92,2025-01-09 09:31:38,14
1334,429,Transfer,27828.91,2025-01-01 08:22:52,49
1335,81,Withdrawal,23437.74,2024-11-14 04:10:42,21
1336,485,Transfer,32199.0,2024-08-31 20:00:00,73
1337,221,Withdrawal,5235.61,2025-01-05 17:56:11,18
1338,481,Withdrawal,6388.64,2025-01-15 17:22:06,6
1339,383,Withdrawal,23333.45,2022-11-24 18:35:51,78
1340,160,Transfer,9515.45,2024-10-23 16:15:33,5
1341,154,Transfer,13425.05,2025-01-01 05:57:03,78
1342,246,Withdrawal,48797.7,2023-08-09 06:07:01,66
1343,359,Deposit,20459.97,2024-10-29 12:47:04,46
1344,382,Deposit,27746.87,2024-08-18 12:13:27,96
1345,298,Transfer,23300.93,2023-11-12 15:23:55,93
1346,149,Withdrawal,10590.18,2025-02-03 00:06:47,95
1347,207,Deposit,47108.13,2024-11-18 02:07:00,89
1348,435,Transfer,37648.12,2025-02-07 16:34:14,53
1349,434,Transfer,31382.12,2024-02-28 11:28:41,24
1350,14,Deposit,40361.03,2025-03-17 09:52:05,83
1351,257,Withdrawal,36905.09,2024-11-15 13:57:30,72
1352,136,Transfer,21302.86,2024-12-16 13:16:08,81
1353,287,Withdrawal,4544.26,2025-01-18 11:00:09,72
1354,126,Transfer,7946.17,2024-10-01 11:13:31,17
1355,450,Transfer,41659.76,2023-08-02 07:16:30,3
1356,93,Transfer,30606.28,2025-02-02 08:11:59,2
1357,160,Deposit,32070.49,2025-01-11 13:45:23,71
1358,104,Deposit,32212.01,2025-03-21 22:17:29,79
1359,103,Deposit,12596.05,2025-03-01 15:42:29,78
1360,405,Deposit,5077.12,2025-02-26 08:30:43,83
1361,195,Transfer,33348.9,2025-01-31 09:16:19,33
1362,498,Withdrawal,7546.84,2024-09-24 15:34:20,44
1363,189,Withdrawal,31426.66,2024-09-17 13:45:23,40
1364,14,Withdrawal,26732.93,2025-02-11 07:20:05,38
1365,286,Deposit,23594.13,2024-09-18 01:25:26,64
1366,246,Transfer,43607.94,2023-10-23 17:48:32,22
1367,50,Withdrawal,18975.63,2024-11-19 07:42:45,98
1368,209,Transfer,38696.34,2024-01-27 15:28:13,36
1369,26,Withdrawal,45091.81,2024-11-10 03:02:01,94
1370,376,Deposit,1103.32,2023-08-26 00:00:15,71
1371,459,Transfer,38397.6,2024-01-17 08:50:45,19
1372,104,Deposit,22246.1,2025-03-22 23:27:47,46
1373,243,Withdrawal,43395.03,2024-06-14 18:38:27,79
1374,300,Deposit,15020.37,2024-04-15 04:30:03,6
1375,174,Withdrawal,1470.45,2024-12-11 22:35:23,48
1376,296,Transfer,38777.78,2025-03-19 05:27:18,70
1377,457,Transfer,47972.41,2022-05-17 11:41:59,58
1378,89,Withdrawal,11869.21,2025-02-08 09:18:50,89
1379,272,Withdrawal,42608.37,2024-08-04 02:51:08,9
1380,468,Withdrawal,14197.25,2025-01-26 20:22:30,22
1381,447,Withdrawal,24181.46,2024-09-16 11:03:49,18
1382,287,Deposit,10050.54,2024-08-26 12:55:21,34
1383,265,Withdrawal,41721.59,2024-10-30 00:18:12,34
1384,270,Transfer,1645.39,2025-03-07 16:57:51,22
1385,263,Withdrawal,3250.15,2024-11-08 12:39:29,31
1386,41,Deposit,15442.44,2024-07-11 22:38:41,62
1387,471,Withdrawal,39829.66,2025-01-26 22:47:31,68
1388,284,Withdrawal,33515.47,2023-08-22 08:38:00,41
1389,103,Transfer,40311.62,2024-12-20 17:50:08,61
1390,464,Withdrawal,24897.93,2024-11-03 21:35:01,59
1391,75,Deposit,42864.12,2024-06-29 22:12:19,30
1392,443,Transfer,789.0,2023-07-03 11:11:17,59
1393,485,Transfer,48018.89,2025-01-07 06:05:43,83
1394,393,Withdrawal,27745.62,2024-05-05 09:00:10,7
1395,321,Withdrawal,42402.57,2024-03-31 00:21:52,48
1396,350,Withdrawal,23017.64,2024-09-30 20:06:37,51
1397,448,Deposit,12778.56,2024-07-23 09:25:42,42
1398,78,Withdrawal,45950.88,2024-06-18 03:33:11,100
1399,334,Withdrawal,10882.12,2023-07-24 08:22:27,45
1400,68,Deposit,19166.92,2025-03-20 12:02:17,86
1401,293,Deposit,10263.11,2025-03-18 16:23:05,18
1402,263,Deposit,10657.91,2024-09-20 00:22:32,10
1403,286,Transfer,9967.03,2025-02-06 12:09:31,15
1404,105,Deposit,49178.78,2025-02-18 23:58:36,90
1405,368,Withdrawal,42383.8,2024-11-06 09:52:09,1
1406,100,Transfer,25794.37,2024-03-07 07:18:55,62
1407,164,Transfer,39423.49,2024-06-18 06:51:40,98
1408,274,Transfer,35858.19,2025-02-17 01:32:44,66
1409,468,Withdrawal,33503.23,2025-01-16 18:55:07,32
1410,350,Transfer,32967.63,2025-02-11 08:23:12,38
1411,264,Withdrawal,14740.26,2025-03-12 07:47:51,34
1412,243,Withdrawal,49189.08,2025-01-02 09:22:06,6
1413,136,Deposit,48018.9,2024-06-28 11:07:44,43
1414,422,Withdrawal,33423.49,2025-03-07 02:35:04,46
1415,161,Deposit,14174.98,2024-07-18 08:56:02,28
1416,379,Deposit,5725.19,2023-11-12 07:26:05,25
1417,171,Transfer,26838.58,2024-10-14 09:28:32,61
1418,237,Withdrawal,36635.86,2025-03-12 13:48:12,85
1419,126,Transfer,4686.39,2024-10-14 09:26:13,92
1420,184,Deposit,7768.99,2025-03-20 04:18:11,70
1421,307,Withdrawal,48080.44,2024-10-01 09:02:13,48
1422,368,Withdrawal,4220.61,2024-11-27 12:13:06,82
1423,50,Transfer,40791.62,2024-10-17 02:01:29,83
1424,172,Transfer,33996.99,2024-12-22 22:18:32,51
1425,148,Withdrawal,34838.27,2025-01-17 08:52:38,67
1426,295,Transfer,15539.96,2023-04-02 07:44:30,58
1427,174,Deposit,2925.52,2025-03-22 00:51:27,23
1428,116,Transfer,1979.52,2024-04-04 00:34:06,76
1429,121,Deposit,22400.86,2024-12-07 13:00:59,30
1430,414,Withdrawal,35315.15,2024-12-29 09:21:44,85
1431,472,Transfer,44286.65,2024-09-10 00:45:16,5
1432,162,Deposit,2461.99,2025-01-25 04:11:26,3
1433,459,Withdrawal,651.23,2022-04-27 03:37:41,7
1434,448,Withdrawal,4983.42,2024-09-12 00:49:08,39
1435,52,Deposit,22202.89,2025-03-09 01:03:34,43
1436,160,Withdrawal,14115.02,2024-11-21 09:02:24,8
1437,355,Transfer,10482.4,2024-03-10 11:41:52,89
1438,351,Transfer,3033.37,2025-03-14 03:51:07,83
1439,228,Transfer,21045.61,2024-08-29 22:45:23,91
1440,21,Deposit,20363.41,2025-03-13 03:30:14,35
1441,176,Deposit,49624.73,2024-07-13 23:46:28,79
1442,330,Deposit,42025.19,2025-02-14 20:27:22,34
1443,256,Withdrawal,1968.11,2025-01-09 06:20:33,96
1444,182,Withdrawal,1979.46,2024-08-02 11:16:03,50
1445,369,Deposit,18319.81,2024-07-01 08:58:20,95
1446,257,Withdrawal,47822.33,2024-12-30 23:24:58,48
1447,191,Withdrawal,48672.75,2024-03-22 16:58:06,23
1448,211,Deposit,19478.48,2023-04-24 20:23:08,32
1449,301,Transfer,4630.15,2024-09-26 23:36:57,100
1450,328,Deposit,30074.0,2024-09-24 06:34:25,26
1451,418,Withdrawal,36019.92,2023-08-20 16:29:33,52
1452,176,Transfer,22943.5,2025-01-01 18:22:37,67
1453,8,Withdrawal,43448.92,2025-02-17 08:19:03,95
1454,124,Transfer,28260.64,2024-06-22 04:35:43,69
1455,297,Deposit,49113.83,2025-03-10 15:57:33,71
1456,231,Withdrawal,40392.12,2024-01-27 01:53:59,70
1457,371,Transfer,9380.2,2024-06-18 23:21:50,5
1458,465,Transfer,6550.78,2025-03-18 03:10:37,51
1459,488,Withdrawal,4027.45,2024-12-01 18:33:11,90
1460,223,Withdrawal,7945.97,2025-03-06 15:47:10,93
1461,444,Transfer,13296.04,2024-01-23 15:34:44,38
1462,437,Transfer,10416.92,2025-03-03 04:12:10,3
1463,392,Withdrawal,36298.02,2025-03-12 00:38:22,79
1464,422,Transfer,43110.18,2025-02-22 04:30:12,17
1465,476,Transfer,32911.66,2024-12-16 17:37:45,26
1466,23,Deposit,37936.22,2024-08-15 20:22:56,76
1467,304,Transfer,30245.12,2025-03-16 14:47:12,67
1468,235,Deposit,9165.81,2025-03-09 17:20:17,67
1469,479,Deposit,38610.92,2025-03-10 05:48:38,21
1470,248,Deposit,39235.43,2024-03-22 08:29:16,82
1471,377,Transfer,1964.18,2025-02-10 09:24:21,93
1472,388,Withdrawal,28726.4,2023-07-07 20:56:43,2
1473,173,Transfer,46155.53,2024-09-30 06:31:24,6
1474,457,Transfer,4582.44,2023-04-30 18:54:37,2
1475,235,Withdrawal,2906.98,2025-03-11 04:59:46,16
1476,1,Withdrawal,23592.91,2024-12-13 11:43:30,52
1477,189,Transfer,34398.46,2024-11-22 04:04:25,99
1478,36,Transfer,22450.46,2025-02-03 02:30:05,31
1479,276,Deposit,20826.54,2025-03-20 09:10:48,39
1480,323,Transfer,44534.78,2025-03-16 21:16:23,84
1481,79,Deposit,13263.94,2025-02-13 14:49:22,81
1482,321,Deposit,8514.83,2025-02-15 07:54:53,52
1483,317,Deposit,9034.45,2024-02-19 17:06:48,26
1484,397,Transfer,12302.21,2025-03-15 06:31:15,59
1485,262,Transfer,24676.57,2025-01-04 09:39:18,82
1486,105,Deposit,42186.48,2025-02-06 20:50:59,49
1487,55,Deposit,45689.63,2024-08-15 00:58:16,38
1488,149,Withdrawal,22039.51,2025-03-03 04:53:37,54
1489,367,Withdrawal,33726.74,2023-07-25 02:02:13,78
1490,30,Withdrawal,7171.82,2025-03-17 18:03:09,19
1491,315,Withdrawal,6678.86,2025-02-25 21:50:09,58
1492,459,Transfer,41146.85,2024-09-03 15:36:29,95
1493,283,Deposit,7697.16,2023-12-23 05:11:27,40
1494,188,Transfer,30524.12,2025-03-23 01:44:07,65
1495,4,Withdrawal,33372.4,2024-10-27 03:08:10,87
1496,387,Transfer,17423.12,2024-12-07 19:15:20,35
1497,391,Transfer,1402.06,2025-02-25 07:25:08,31
1498,364,Withdrawal,27295.02,2024-09-04 04:34:42,10
1499,116,Deposit,44654.57,2025-02-27 06:39:26,26
1500,431,Deposit,8173.34,2025-01-17 19:24:10,59
1501,410,Withdrawal,20136.45,2023-09-20 08:20:13,98
1502,304,Deposit,11903.7,2025-02-25 03:04:09,62
1503,136,Transfer,37267.01,2024-04-02 10:58:36,57
1504,22,Deposit,26129.61,2023-07-28 18:56:50,16
1505,498,Withdrawal,41743.58,2025-01-28 09:41:07,48
1506,326,Transfer,14422.7,2024-12-17 00:34:22,58
1507,293,Deposit,48864.35,2025-03-15 05:24:57,14
1508,236,Deposit,39556.14,2024-09-01 23:28:51,17
1509,321,Withdrawal,48008.66,2024-03-18 07:06:38,36
1510,469,Withdrawal,26974.43,2023-12-25 09:34:47,5
1511,314,Transfer,11118.23,2024-10-27 18:13:40,93
1512,457,Withdrawal,19320.41,2022-12-31 05:52:22,45
1513,358,Transfer,43908.13,2024-10-15 22:55:10,48
1514,420,Withdrawal,38047.29,2023-08-09 02:56:00,9
1515,311,Withdrawal,9293.6,2024-12-05 09:20:25,22
1516,250,Withdrawal,28517.67,2025-03-15 06:17:47,54
1517,93,Deposit,36702.0,2025-02-07 13:00:28,5
1518,491,Withdrawal,39162.48,2025-01-19 19:09:55,60
1519,290,Deposit,25569.05,2023-12-08 09:53:09,5
1520,181,Deposit,38756.35,2025-03-23 09:32:29,54
1521,371,Deposit,22243.55,2024-06-24 17:56:58,33
1522,409,Transfer,33564.44,2025-03-24 06:31:37,69
1523,294,Deposit,45056.71,2025-01-07 10:20:51,59
1524,112,Withdrawal,17645.6,2025-03-18 21:39:32,64
1525,258,Deposit,12615.12,2025-03-15 01:48:47,60
1526,49,Deposit,27938.65,2022-12-04 00:45:54,9
1527,61,Withdrawal,47861.36,2025-02-24 08:24:01,20
1528,73,Transfer,21409.92,2025-03-22 22:15:53,93
1529,448,Transfer,38818.81,2024-12-27 07:54:26,63
1530,61,Transfer,13378.71,2024-07-10 14:24:29,18
1531,445,Deposit,4060.43,2024-04-24 19:03:18,98
1532,449,Withdrawal,47707.15,2025-01-01 22:35:24,53
1533,197,Withdrawal,15713.3,2025-03-02 08:40:03,6
1534,247,Withdrawal,32295.05,2022-10-20 10:47:40,6
1535,498,Transfer,44518.85,2024-11-07 15:12:52,64
1536,291,Withdrawal,28981.69,2025-03-22 08:46:04,36
1537,48,Deposit,10485.49,2025-01-09 21:42:01,16
1538,428,Transfer,22475.61,2021-06-16 15:07:49,48
1539,357,Transfer,21157.34,2024-12-31 17:40:21,14
1540,357,Deposit,15388.92,2024-10-25 06:13:41,71
1541,21,Deposit,49400.6,2024-11-08 02:56:39,73
1542,445,Withdrawal,1415.32,2024-09-30 09:23:08,53
1543,435,Deposit,43588.76,2025-01-29 19:54:58,33
1544,457,Withdrawal,7565.9,2021-08-05 14:43:14,18
1545,95,Transfer,18766.23,2025-03-10 13:59:35,33
1546,347,Deposit,34589.72,2025-03-21 01:00:15,100
1547,387,Transfer,8914.24,2025-01-23 19:34:15,19
1548,256,Transfer,8264.45,2024-03-23 07:57:40,100
1549,338,Transfer,29482.37,2025-01-27 22:35:52,58
1550,85,Withdrawal,29182.73,2024-05-23 10:47:05,80
1551,381,Transfer,1077.47,2024-08-25 21:01:53,68
1552,117,Withdrawal,15649.77,2024-07-03 01:10:06,65
1553,437,Deposit,13567.8,2025-03-20 12:27:28,90
1554,150,Transfer,9599.76,2025-02-22 06:18:41,64
1555,15,Withdrawal,7770.85,2025-03-02 21:32:31,67
1556,162,Transfer,14704.21,2025-02-21 20:12:39,97
1557,430,Transfer,25195.59,2025-01-18 15:02:28,21
1558,66,Deposit,13920.17,2024-05-20 12:56:43,22
1559,233,Transfer,1177.78,2024-08-03 14:59:45,26
1560,11,Transfer,45499.61,2025-03-03 09:26:56,31
1561,489,Withdrawal,46329.47,2025-01-26 18:23:49,77
1562,425,Transfer,20466.24,2025-03-22 00:11:59,20
1563,440,Withdrawal,15728.0,2024-04-03 20:54:14,12
1564,63,Withdrawal,42263.52,2025-02-01 10:33:40,62
1565,120,Withdrawal,14930.85,2025-01-14 19:37:54,24
1566,84,Deposit,1749.69,2025-03-20 05:35:52,88
1567,417,Withdrawal,14073.85,2025-03-08 06:17:35,64
1568,189,Transfer,34453.38,2024-05-24 21:25:13,62
1569,392,Deposit,46702.79,2025-03-16 08:30:47,8
1570,374,Withdrawal,45019.13,2025-03-09 03:16:12,17
1571,269,Deposit,733.22,2023-02-27 00:29:30,89
1572,219,Deposit,2805.0,2022-12-05 02:55:47,85
1573,13,Transfer,32471.96,2025-02-17 10:56:32,30
1574,130,Withdrawal,16847.93,2025-03-21 12:15:04,87
1575,388,Deposit,41840.98,2024-07-28 14:25:26,73
1576,412,Withdrawal,8113.45,2023-09-20 20:34:31,28
1577,207,Transfer,33951.3,2025-03-20 01:31:54,100
1578,219,Deposit,25174.37,2022-07-24 22:55:40,63
1579,29,Withdrawal,39420.86,2025-03-21 10:05:55,94
1580,320,Withdrawal,22538.9,2022-08-05 17:18:47,88
1581,403,Withdrawal,4139.51,2025-03-05 20:31:43,2
1582,373,Transfer,9211.91,2021-11-26 07:37:39,72
1583,371,Transfer,37933.23,2024-04-01 23:13:53,68
1584,439,Deposit,24850.64,2024-11-17 23:17:47,97
1585,19,Deposit,24650.9,2024-12-24 17:52:05,21
1586,340,Transfer,19382.62,2025-03-16 08:48:45,4
1587,320,Transfer,44863.82,2022-09-27 08:05:33,94
1588,169,Withdrawal,7440.4,2025-02-19 07:02:01,70
1589,366,Transfer,15125.28,2025-02-16 13:38:19,13
1590,456,Transfer,41589.09,2025-03-20 09:58:36,96
1591,68,Withdrawal,33649.8,2025-03-23 15:20:39,57
1592,446,Deposit,19662.5,2025-03-09 16:36:00,14
1593,323,Withdrawal,25733.71,2025-03-17 04:22:40,95
1594,246,Transfer,37663.65,2024-01-15 15:25:18,42
1595,373,Deposit,38902.28,2024-01-28 02:19:06,67
1596,167,Deposit,16260.77,2024-01-09 14:21:12,96
1597,68,Deposit,16962.08,2025-03-22 19:19:30,1
1598,381,Transfer,15345.48,2025-03-07 08:38:01,49
1599,323,Transfer,44963.32,2025-03-17 11:38:32,11
1600,346,Deposit,5365.05,2024-01-28 10:05:03,74
1601,332,Deposit,31351.97,2025-03-11 22:24:05,64
1602,125,Withdrawal,24885.93,2023-08-18 19:35:55,26
1603,100,Withdrawal,44580.23,2024-08-29 08:05:27,63
1604,435,Transfer,44291.8,2025-02-23 02:39:45,32
1605,366,Withdrawal,35705.44,2024-08-22 23:24:15,67
1606,470,Withdrawal,14343.49,2025-03-11 14:06:26,68
1607,346,Transfer,32390.62,2023-12-27 19:27:02,37
1608,483,Withdrawal,6035.1,2025-01-25 02:55:21,8
1609,229,Withdrawal,48649.38,2024-05-27 22:16:19,1
1610,134,Deposit,49936.95,2025-02-12 16:50:37,18
1611,482,Withdrawal,44156.82,2024-04-01 09:42:10,40
1612,22,Deposit,42660.5,2024-03-09 17:04:22,86
1613,21,Transfer,18232.98,2024-10-22 03:29:36,55
1614,467,Deposit,35928.17,2025-01-22 23:33:47,17
1615,109,Deposit,3097.47,2024-06-20 15:20:46,53
1616,125,Deposit,25729.03,2022-12-06 01:08:37,91
1617,145,Deposit,39786.14,2025-02-10 00:14:24,86
1618,464,Withdrawal,29443.16,2024-10-25 14:46:44,45
1619,157,Deposit,17272.54,2024-07-20 06:53:41,4
1620,324,Withdrawal,31129.35,2024-06-02 14:47:56,100
1621,424,Withdrawal,8289.79,2024-07-20 08:07:08,11
1622,237,Withdrawal,28030.86,2025-03-01 00:18:44,66
1623,446,Withdrawal,40652.46,2025-03-09 17:18:08,33
1624,379,Transfer,42432.4,2024-06-07 21:40:28,24
1625,377,Transfer,18445.42,2025-02-17 07:58:08,21
1626,228,Deposit,20679.19,2024-07-15 08:07:44,80
1627,346,Transfer,38910.82,2021-07-26 17:38:13,39
1628,99,Deposit,9954.33,2024-05-13 17:49:39,35
1629,194,Transfer,38548.41,2024-09-27 03:34:15,22
1630,150,Deposit,25565.93,2023-10-06 22:02:02,67
1631,328,Transfer,29448.35,2025-01-24 20:32:38,44
1632,61,Transfer,37280.85,2024-10-18 13:06:32,17
1633,247,Withdrawal,44723.66,2024-04-27 23:54:07,47
1634,134,Transfer,34102.65,2024-12-05 08:07:49,40
1635,204,Transfer,39511.32,2024-12-07 05:58:30,65
1636,19,Deposit,7526.73,2024-11-23 00:22:59,99
1637,95,Withdrawal,4963.21,2025-03-07 23:06:03,70
1638,495,Withdrawal,19166.4,2022-11-22 23:47:27,33
1639,61,Deposit,48088.17,2024-07-23 23:45:18,46
1640,69,Withdrawal,23405.49,2024-02-27 01:24:29,94
1641,20,Deposit,3602.46,2023-10-08 15:22:36,25
1642,422,Transfer,20412.51,2025-03-21 15:10:42,12
1643,207,Transfer,6667.21,2025-01-21 17:22:15,29
1644,489,Transfer,10715.74,2024-10-19 08:17:03,98
1645,87,Transfer,37386.73,2025-02-28 03:13:02,53
1646,19,Deposit,21275.18,2025-01-27 22:11:07,82
1647,115,Deposit,38376.22,2024-03-29 02:04:28,87
1648,176,Transfer,22914.65,2024-08-23 20:03:12,4
1649,460,Withdrawal,36696.95,2024-07-29 15:57:17,39
1650,455,Withdrawal,27569.8,2025-03-21 17:11:05,45
1651,218,Withdrawal,4143.8,2024-04-26 07:24:52,30
1652,191,Withdrawal,29834.4,2023-05-10 15:39:58,91
1653,464,Withdrawal,32411.12,2024-08-14 20:25:55,40
1654,152,Transfer,22849.49,2023-08-29 21:51:40,71
1655,22,Transfer,14576.01,2025-01-20 15:45:59,60
1656,153,Transfer,38767.17,2024-04-27 06:29:34,28
1657,160,Deposit,28146.57,2025-01-19 18:31:42,88
1658,6,Deposit,29835.9,2025-03-19 17:27:49,67
1659,259,Withdrawal,10660.79,2024-09-06 03:34:33,71
1660,413,Transfer,36489.26,2024-11-30 22:22:46,35
1661,298,Deposit,38161.53,2024-11-04 19:55:16,62
1662,429,Deposit,29179.98,2025-01-06 12:45:53,46
1663,354,Withdrawal,40704.7,2025-03-20 10:14:38,85
1664,359,Transfer,25914.24,2024-11-11 13:38:54,55
1665,167,Transfer,24011.84,2023-11-10 16:17:18,66
1666,154,Withdrawal,23822.51,2024-12-14 23:22:35,93
1667,139,Deposit,10532.71,2024-07-12 04:03:42,70
1668,353,Deposit,42614.8,2023-02-18 02:45:51,65
1669,368,Transfer,14044.39,2024-11-23 11:41:50,84
1670,459,Transfer,9156.81,2024-09-28 06:52:17,34
1671,192,Withdrawal,31662.01,2025-03-24 13:55:31,71
1672,423,Deposit,31599.08,2024-04-22 16:12:59,29
1673,128,Deposit,23376.35,2024-06-30 17:05:24,46
1674,68,Withdrawal,10864.52,2025-03-23 10:54:43,76
1675,163,Withdrawal,34628.79,2024-06-19 17:51:26,41
1676,92,Withdrawal,46709.71,2025-01-25 04:48:02,30
1677,43,Deposit,30252.93,2025-03-05 22:50:27,75
1678,496,Withdrawal,23778.62,2025-03-09 16:57:45,14
1679,209,Transfer,12845.72,2024-07-31 03:42:54,71
1680,240,Withdrawal,46693.81,2021-12-27 04:10:50,38
1681,292,Withdrawal,2021.96,2024-09-13 06:29:56,62
1682,454,Withdrawal,36889.08,2025-02-05 17:20:09,64
1683,116,Deposit,9057.96,2024-06-01 23:59:18,87
1684,18,Withdrawal,6608.08,2024-03-21 06:00:04,61
1685,46,Deposit,10712.39,2025-03-11 19:44:37,13
1686,105,Withdrawal,48346.87,2025-01-20 04:23:13,62
1687,67,Transfer,45106.67,2022-08-19 22:44:34,89
1688,215,Deposit,6424.79,2024-06-10 03:02:48,8
1689,129,Deposit,27313.29,2025-02-18 10:41:01,5
1690,118,Deposit,1665.77,2025-03-21 14:43:19,91
1691,139,Withdrawal,26946.7,2024-08-18 20:26:40,50
1692,153,Withdrawal,18852.9,2025-03-20 10:09:48,29
1693,473,Deposit,8437.31,2025-03-14 17:17:39,84
1694,263,Withdrawal,32805.16,2024-08-22 22:43:37,44
1695,315,Transfer,47769.68,2025-02-23 06:45:59,50
1696,26,Transfer,15627.94,2024-11-23 21:43:49,54
1697,304,Withdrawal,34906.04,2025-03-21 19:11:26,21
1698,142,Withdrawal,14474.32,2024-04-02 14:31:02,81
1699,52,Deposit,27698.58,2025-02-19 08:56:25,78
1700,207,Withdrawal,43728.27,2024-10-18 03:26:51,15
1701,150,Deposit,30580.78,2024-12-16 12:49:29,46
1702,188,Withdrawal,32723.46,2025-03-22 12:27:51,90
1703,180,Transfer,17332.91,2024-09-14 22:48:59,57
1704,223,Deposit,6358.05,2025-03-22 07:42:24,40
1705,458,Transfer,14495.14,2024-05-18 15:51:51,40
1706,153,Transfer,26888.97,2025-01-23 17:47:22,98
1707,389,Transfer,1468.02,2025-01-23 09:39:21,62
1708,476,Transfer,37746.62,2024-03-05 00:39:42,33
1709,412,Deposit,17205.09,2023-10-05 06:43:58,4
1710,169,Deposit,3297.95,2024-06-13 07:58:46,73
1711,104,Transfer,22911.85,2025-03-21 12:02:41,61
1712,459,Withdrawal,11404.51,2023-09-05 18:33:39,74
1713,127,Withdrawal,28022.52,2024-02-27 11:21:53,73
1714,335,Deposit,35381.63,2025-03-15 07:13:23,34
1715,243,Withdrawal,33182.29,2024-12-25 19:03:49,46
1716,296,Withdrawal,11409.75,2025-03-16 02:16:24,38
1717,480,Withdrawal,26567.05,2025-01-23 11:43:21,47
1718,352,Deposit,30652.76,2024-04-09 11:41:59,53
1719,156,Deposit,38638.18,2024-03-13 17:58:53,18
1720,211,Deposit,17341.05,2024-07-26 05:57:06,56
1721,290,Transfer,2610.91,2024-05-07 03:50:31,29
1722,472,Transfer,11886.89,2023-10-14 22:47:52,55
1723,2,Deposit,43370.08,2024-06-16 00:43:51,16
1724,183,Transfer,20903.34,2024-05-17 12:49:28,21
1725,106,Withdrawal,45236.99,2025-01-11 10:50:38,34
1726,128,Transfer,24520.87,2021-12-23 16:40:25,32
1727,184,Deposit,2422.56,2025-03-17 05:26:31,50
1728,243,Transfer,29072.59,2024-06-16 16:58:03,18
1729,331,Withdrawal,5903.22,2022-11-12 12:00:51,38
1730,120,Withdrawal,9988.12,2024-11-05 22:17:37,94
1731,14,Transfer,41261.42,2025-03-02 15:29:05,22
1732,285,Withdrawal,37726.73,2025-03-19 04:55:43,61
1733,458,Transfer,43482.99,2024-05-19 21:06:06,97
1734,483,Deposit,17147.29,2024-05-20 05:05:01,86
1735,214,Withdrawal,4099.62,2025-03-03 15:02:21,34
1736,95,Withdrawal,14631.36,2025-03-02 14:38:54,7
1737,366,Transfer,25040.82,2025-02-10 11:56:33,58
1738,369,Deposit,36913.56,2023-11-26 16:41:12,47
1739,204,Transfer,522.69,2025-01-24 08:40:31,2
1740,453,Deposit,47971.22,2024-01-18 02:09:31,36
1741,496,Withdrawal,3064.24,2025-03-16 07:11:56,23
1742,91,Transfer,30454.97,2024-12-28 11:23:18,70
1743,33,Transfer,45989.1,2023-12-17 22:51:45,71
1744,400,Transfer,42835.43,2025-03-19 16:14:59,62
1745,473,Transfer,4297.47,2025-03-08 09:13:55,65
1746,435,Deposit,10517.8,2024-12-31 15:47:52,85
1747,102,Transfer,23619.28,2025-02-11 09:53:28,66
1748,328,Deposit,11380.43,2024-08-14 01:55:25,76
1749,18,Transfer,46515.52,2022-05-29 05:52:45,86
1750,417,Withdrawal,21526.07,2025-02-22 15:56:52,24
1751,356,Deposit,15137.05,2025-03-02 12:18:17,94
1752,11,Deposit,12387.36,2024-11-01 05:28:52,18
1753,131,Transfer,4214.28,2025-01-22 19:45:50,93
1754,212,Transfer,37070.51,2025-03-02 00:11:43,68
1755,454,Transfer,2762.52,2025-03-09 07:44:52,92
1756,413,Deposit,10416.47,2024-12-09 19:28:32,53
1757,181,Transfer,7306.41,2025-03-14 18:40:52,93
1758,416,Transfer,43079.19,2025-03-18 16:25:01,46
1759,20,Transfer,18634.79,2023-02-06 11:49:32,26
1760,415,Transfer,9574.58,2023-09-05 22:22:20,48
1761,282,Withdrawal,24421.25,2024-05-06 12:37:54,56
1762,392,Withdrawal,34384.12,2025-03-19 10:04:31,47
1763,381,Withdrawal,4292.44,2024-12-23 04:45:50,98
1764,155,Deposit,48012.16,2024-12-29 01:27:11,78
1765,324,Withdrawal,39496.3,2025-03-01 20:39:53,59
1766,193,Withdrawal,26467.63,2025-03-13 06:22:20,27
1767,334,Deposit,1712.95,2023-10-03 05:54:33,39
1768,341,Deposit,2615.7,2023-03-15 12:57:52,76
1769,449,Transfer,3156.5,2025-01-25 16:51:39,70
1770,419,Withdrawal,47289.63,2023-05-01 11:41:45,3
1771,335,Deposit,35621.61,2025-02-14 04:34:38,69
1772,180,Withdrawal,17049.14,2024-12-20 05:36:00,21
1773,492,Deposit,3996.46,2025-03-05 15:27:00,63
1774,9,Withdrawal,22822.29,2025-01-24 06:46:56,18
1775,340,Transfer,44610.9,2025-03-21 16:47:01,46
1776,384,Transfer,6062.25,2024-09-16 07:34:20,7
1777,291,Withdrawal,23286.03,2025-03-23 13:40:01,82
1778,113,Withdrawal,10270.47,2025-03-21 22:11:17,83
1779,11,Deposit,2431.37,2024-09-17 08:01:01,86
1780,214,Deposit,40727.77,2025-03-19 20:54:46,1
1781,490,Withdrawal,3035.46,2024-07-31 21:36:17,36
1782,122,Transfer,6201.06,2024-08-15 23:01:58,12
1783,40,Deposit,30572.52,2024-01-18 06:57:59,61
1784,330,Withdrawal,48644.28,2025-02-25 22:23:06,11
1785,78,Withdrawal,873.19,2024-07-25 03:00:26,96
1786,88,Transfer,25826.4,2025-03-21 02:53:14,71
1787,96,Withdrawal,30263.94,2025-03-21 02:15:38,33
1788,240,Withdrawal,9159.72,2024-08-26 14:12:03,78
1789,20,Deposit,24438.86,2023-11-27 19:25:46,92
1790,118,Withdrawal,21265.64,2025-02-22 18:43:56,13
1791,290,Deposit,32240.85,2024-05-21 23:36:41,56
1792,256,Withdrawal,38115.27,2024-03-15 08:29:00,86
1793,121,Withdrawal,5736.44,2024-07-19 00:35:06,63
1794,493,Transfer,48604.52,2025-03-01 16:13:02,84
1795,101,Withdrawal,5823.07,2025-03-09 05:35:01,21
1796,406,Withdrawal,47089.04,2025-02-15 15:13:50,15
1797,370,Transfer,2229.95,2025-01-29 12:00:49,50
1798,157,Withdrawal,41548.59,2024-07-25 14:32:37,22
1799,261,Deposit,14965.23,2025-02-17 13:02:20,87
1800,173,Transfer,3780.18,2025-02-22 21:38:47,42
1801,151,Withdrawal,31104.48,2023-02-15 20:50:17,87
1802,98,Transfer,4894.33,2025-02-21 00:26:33,38
1803,84,Transfer,23875.47,2024-03-04 09:57:55,59
1804,68,Deposit,39640.88,2025-03-21 02:13:25,60
1805,271,Withdrawal,14143.06,2025-01-30 13:28:32,71
1806,400,Withdrawal,31652.64,2025-03-23 18:04:31,65
1807,62,Deposit,8121.04,2024-10-05 18:53:43,49
1808,91,Transfer,38460.03,2025-03-16 07:35:46,24
1809,362,Transfer,32629.96,2024-08-26 19:42:25,78
1810,351,Deposit,1098.52,2025-02-15 13:34:33,28
1811,471,Transfer,26868.96,2024-03-22 04:49:19,4
1812,448,Transfer,16284.34,2024-10-18 15:05:34,80
1813,344,Deposit,4525.95,2024-09-23 14:29:53,33
1814,114,Deposit,43334.64,2022-10-15 01:31:51,94
1815,211,Withdrawal,35419.2,2024-05-28 10:00:34,85
1816,31,Deposit,24620.69,2024-06-30 20:37:06,38
1817,238,Withdrawal,36489.32,2024-02-02 15:20:20,70
1818,467,Withdrawal,19811.32,2024-07-24 06:23:50,11
1819,211,Deposit,23419.28,2021-06-11 17:30:48,11
1820,102,Deposit,3126.58,2025-03-17 03:04:06,73
1821,387,Transfer,47417.71,2024-09-06 09:57:02,20
1822,407,Withdrawal,15483.38,2024-05-04 12:06:57,18
1823,299,Deposit,25578.33,2023-12-08 15:12:35,75
1824,428,Withdrawal,6071.77,2022-09-29 21:07:01,48
1825,471,Withdrawal,19065.37,2024-06-12 05:08:41,22
1826,63,Transfer,8055.83,2025-02-17 17:52:48,36
1827,482,Transfer,20708.82,2024-06-25 07:54:54,34
1828,303,Deposit,29689.08,2025-02-14 14:14:02,40
1829,16,Deposit,19535.17,2025-03-13 18:18:58,46
1830,465,Withdrawal,3832.41,2025-03-13 08:04:50,43
1831,393,Deposit,8451.62,2025-02-10 02:51:52,66
1832,10,Withdrawal,45025.02,2025-01-06 16:36:09,89
1833,67,Transfer,45895.84,2023-10-10 14:40:41,9
1834,472,Deposit,904.64,2024-01-26 11:43:30,86
1835,81,Withdrawal,46900.01,2025-01-01 21:20:05,7
1836,146,Withdrawal,32015.98,2025-03-06 22:21:45,91
1837,426,Withdrawal,22088.59,2022-07-19 04:01:06,95
1838,106,Transfer,21098.21,2025-01-15 02:59:27,56
1839,187,Deposit,27980.78,2025-01-20 13:36:14,39
1840,109,Withdrawal,36775.15,2025-01-09 20:20:43,84
1841,194,Transfer,9858.74,2025-02-12 18:23:24,82
1842,107,Transfer,45545.38,2025-03-22 00:43:39,14
1843,333,Withdrawal,20349.22,2024-11-29 12:53:21,54
1844,184,Transfer,13371.0,2025-03-14 03:06:48,35
1845,69,Withdrawal,11331.06,2024-04-14 18:04:56,24
1846,340,Transfer,4098.18,2025-03-23 14:05:48,48
1847,65,Deposit,48422.72,2024-12-11 09:19:55,67
1848,4,Withdrawal,27091.23,2024-10-19 22:16:52,30
1849,189,Deposit,24876.64,2025-01-10 07:48:14,62
1850,175,Transfer,10472.68,2024-11-27 18:31:37,85
1851,436,Withdrawal,5176.17,2025-03-20 08:15:30,14
1852,18,Deposit,40643.14,2021-10-08 02:10:03,68
1853,292,Deposit,29516.85,2024-09-26 18:11:50,68
1854,55,Transfer,8148.08,2024-08-11 00:31:43,9
1855,302,Transfer,18707.85,2025-01-08 15:50:40,90
1856,466,Deposit,34203.81,2025-03-16 12:30:55,48
1857,182,Withdrawal,19631.96,2024-10-12 14:46:53,8
1858,143,Transfer,13903.0,2024-08-06 04:01:50,22
1859,199,Deposit,42538.55,2022-05-05 09:50:09,98
1860,449,Deposit,15314.14,2025-01-21 23:14:58,82
1861,74,Transfer,949.67,2025-03-16 06:49:53,9
1862,374,Deposit,43235.71,2025-02-26 17:30:36,40
1863,368,Transfer,40091.05,2024-10-05 18:42:51,45
1864,147,Withdrawal,30311.31,2024-06-27 09:30:02,7
1865,184,Deposit,957.05,2025-03-02 20:41:27,87
1866,25,Deposit,7622.2,2024-10-11 04:09:36,29
1867,443,Deposit,30970.85,2024-05-18 10:46:47,26
1868,338,Transfer,31972.84,2024-11-01 11:37:48,82
1869,196,Withdrawal,18145.79,2024-08-24 03:13:48,59
1870,468,Deposit,23269.64,2025-01-12 15:08:03,2
1871,184,Withdrawal,41940.29,2025-03-09 01:32:25,10
1872,167,Transfer,49436.05,2024-02-16 00:21:26,53
1873,380,Transfer,21415.9,2025-01-10 18:17:31,42
1874,228,Transfer,47336.43,2024-07-11 06:43:07,47
1875,127,Withdrawal,3520.33,2023-09-27 17:28:00,50
1876,265,Deposit,34634.55,2024-10-31 19:35:13,18
1877,373,Transfer,39024.0,2023-06-30 15:07:29,33
1878,386,Transfer,28240.97,2025-01-31 18:52:04,25
1879,420,Withdrawal,7493.4,2024-01-11 14:23:41,50
1880,201,Withdrawal,21562.66,2025-01-19 00:24:43,13
1881,142,Withdrawal,2629.96,2024-11-08 22:48:17,41
1882,378,Transfer,37310.99,2025-02-26 22:16:22,1
1883,468,Withdrawal,16118.87,2024-12-12 19:28:28,90
1884,231,Deposit,29168.82,2023-12-27 21:49:27,59
1885,325,Deposit,12389.44,2025-03-22 03:11:01,63
1886,311,Withdrawal,39272.56,2024-09-30 14:22:06,67
1887,243,Withdrawal,1335.22,2024-12-04 10:28:46,97
1888,38,Withdrawal,21675.54,2025-03-17 14:31:31,98
1889,84,Deposit,1659.95,2024-01-09 13:15:39,17
1890,307,Transfer,11489.96,2023-09-07 12:56:49,88
1891,348,Deposit,22753.31,2025-02-07 02:01:33,70
1892,73,Withdrawal,42590.02,2025-03-24 06:12:27,77
1893,20,Deposit,44747.83,2023-03-31 14:14:11,87
1894,358,Withdrawal,9299.78,2025-03-08 17:31:31,57
1895,465,Transfer,30580.79,2025-02-23 17:52:55,58
1896,251,Withdrawal,8709.14,2023-05-19 09:03:14,50
1897,57,Withdrawal,10248.52,2025-03-18 19:59:52,85
1898,411,Withdrawal,48112.82,2022-07-07 10:02:32,92
1899,225,Transfer,45938.1,2024-06-01 19:45:09,68
1900,297,Withdrawal,28523.46,2025-03-18 00:57:14,47
1901,456,Transfer,48485.99,2025-03-12 18:23:55,80
1902,361,Deposit,2976.25,2024-09-15 16:30:22,67
1903,433,Withdrawal,41895.65,2025-03-18 09:33:57,10
1904,77,Deposit,45194.89,2023-09-05 22:08:50,55
1905,12,Withdrawal,39674.2,2024-01-05 07:10:28,5
1906,465,Withdrawal,35210.08,2025-01-28 05:07:51,1
1907,329,Transfer,6545.91,2025-03-21 05:24:35,85
1908,130,Transfer,13888.93,2025-01-13 04:57:15,20
1909,342,Deposit,43446.31,2025-03-16 15:18:23,17
1910,33,Transfer,13325.2,2025-02-23 16:24:49,83
1911,466,Transfer,40801.12,2025-03-20 03:19:12,88
1912,367,Withdrawal,31769.16,2025-03-05 05:50:24,14
1913,358,Deposit,23599.17,2025-01-28 23:40:14,47
1914,91,Withdrawal,29764.07,2024-09-01 14:36:05,32
1915,422,Transfer,569.71,2025-02-20 10:24:27,49
1916,482,Withdrawal,21356.79,2024-06-02 14:26:50,70
1917,387,Transfer,37661.4,2024-12-17 03:14:15,95
1918,55,Deposit,41466.51,2025-01-01 14:45:10,87
1919,352,Deposit,48735.06,2023-07-23 11:46:03,60
1920,453,Transfer,9154.99,2025-03-17 05:14:01,71
1921,236,Deposit,43076.22,2024-12-10 23:59:51,95
1922,409,Deposit,31499.42,2025-03-22 16:59:51,82
1923,463,Withdrawal,19256.16,2024-12-26 07:06:13,34
1924,260,Withdrawal,43028.48,2024-06-21 06:06:19,33
1925,38,Deposit,21808.39,2024-05-09 16:59:09,90
1926,408,Deposit,2115.15,2025-02-19 03:47:14,89
1927,456,Deposit,27774.57,2025-03-12 11:10:40,22
1928,2,Withdrawal,737.73,2023-03-08 18:03:22,33
1929,463,Deposit,16940.63,2025-02-23 02:58:50,22
1930,12,Withdrawal,23553.48,2024-04-01 02:00:49,30
1931,108,Transfer,11077.01,2025-03-17 03:27:58,79
1932,208,Transfer,34495.8,2023-05-24 05:34:13,59
1933,109,Deposit,10905.12,2024-02-20 09:57:34,6
1934,380,Deposit,19668.07,2025-01-02 11:43:18,45
1935,467,Transfer,45304.93,2025-01-24 07:26:44,77
1936,426,Deposit,20901.8,2023-04-02 14:16:32,100
1937,31,Withdrawal,38393.35,2023-07-12 23:34:00,23
1938,446,Deposit,39277.16,2025-03-12 01:21:01,94
1939,455,Withdrawal,4193.58,2025-03-10 22:35:10,14
1940,408,Transfer,35159.37,2025-03-09 12:06:20,21
1941,206,Withdrawal,28826.65,2025-03-06 08:03:24,35
1942,461,Withdrawal,6928.02,2024-10-23 10:43:02,90
1943,376,Transfer,30081.03,2023-06-09 07:35:57,33
1944,179,Transfer,23885.03,2021-11-09 17:16:18,14
1945,449,Withdrawal,13756.81,2025-02-24 07:37:49,5
1946,55,Transfer,23940.64,2023-06-15 06:53:21,15
1947,311,Withdrawal,30364.93,2025-03-07 01:36:36,44
1948,257,Deposit,17687.0,2024-11-25 07:01:35,60
1949,499,Transfer,23331.24,2024-09-22 01:10:52,1
1950,255,Transfer,30626.92,2023-08-05 08:18:38,41
1951,479,Transfer,30077.71,2025-03-17 04:25:46,91
1952,309,Transfer,41678.45,2023-08-19 22:22:08,99
1953,237,Deposit,17827.33,2025-02-21 00:15:38,53
1954,37,Deposit,41939.27,2025-03-12 03:23:20,19
1955,412,Withdrawal,582.16,2024-10-11 01:29:57,5
1956,267,Deposit,28747.17,2025-03-19 18:32:09,100
1957,438,Transfer,35869.91,2024-02-21 15:01:48,54
1958,458,Withdrawal,9553.47,2024-10-16 12:05:24,76
1959,422,Deposit,36620.4,2025-02-16 17:29:08,12
1960,437,Transfer,4273.32,2025-03-06 18:57:54,32
1961,56,Transfer,44936.49,2024-12-27 07:42:29,95
1962,372,Transfer,22856.65,2024-07-18 06:26:09,73
1963,362,Transfer,9135.88,2024-12-08 15:34:13,15
1964,129,Transfer,43211.09,2025-02-13 10:23:01,40
1965,434,Withdrawal,36785.22,2024-03-16 19:16:11,70
1966,297,Transfer,5927.7,2025-03-16 08:29:04,72
1967,92,Withdrawal,36486.35,2025-03-06 18:09:36,90
1968,226,Withdrawal,33401.42,2024-12-09 05:51:45,91
1969,429,Transfer,7014.01,2025-01-11 20:42:30,23
1970,168,Withdrawal,31992.89,2025-02-20 21:25:54,55
1971,183,Transfer,21214.69,2024-06-23 15:57:50,58
1972,124,Transfer,13600.78,2024-06-18 16:31:43,43
1973,221,Withdrawal,27358.47,2025-01-14 02:43:19,40
1974,353,Withdrawal,24805.87,2023-02-25 05:51:07,78
1975,396,Transfer,20857.86,2025-01-04 01:31:22,92
1976,36,Transfer,41459.5,2024-12-16 05:54:25,74
1977,389,Transfer,17226.6,2025-01-28 16:29:54,76
1978,371,Withdrawal,19234.85,2024-01-02 10:56:40,28
1979,485,Withdrawal,22968.6,2024-05-31 08:49:13,25
1980,186,Transfer,31893.82,2025-02-26 17:21:57,86
1981,288,Withdrawal,40475.08,2025-01-23 20:06:42,49
1982,433,Deposit,14023.28,2024-09-17 12:05:02,44
1983,57,Withdrawal,25531.17,2025-03-02 12:47:13,100
1984,418,Transfer,37416.85,2024-09-15 09:43:02,39
1985,211,Withdrawal,42674.67,2021-04-28 21:34:01,7
1986,175,Deposit,36376.41,2024-05-16 13:10:28,50
1987,428,Deposit,21910.04,2021-07-08 17:49:21,40
1988,384,Deposit,44109.87,2024-12-30 10:12:34,84
1989,394,Transfer,1603.33,2023-03-13 01:30:08,49
1990,362,Withdrawal,8621.73,2024-10-26 10:03:10,48
1991,429,Deposit,25488.2,2025-02-14 06:40:14,19
1992,383,Withdrawal,20756.91,2023-07-12 05:25:17,18
1993,179,Transfer,16267.9,2023-10-25 07:25:56,61
1994,33,Deposit,7751.64,2022-03-05 18:19:46,70
1995,82,Withdrawal,25425.04,2025-03-12 23:59:45,14
1996,400,Deposit,3688.56,2025-03-24 13:20:32,21
1997,320,Transfer,48587.99,2023-02-07 17:04:34,62
1998,130,Deposit,43346.06,2025-01-10 20:46:14,21
1999,448,Transfer,22065.96,2024-10-15 15:36:01,51
2000,74,Deposit,34162.55,2025-03-18 12:57:01,16
